<?xml version='1.0' encoding='UTF-8' standalone='no'?>
<doxygen xmlns:xsi="http://www.w3.org/2001/XMLSchema-instance" xsi:noNamespaceSchemaLocation="compound.xsd" version="1.8.13">
  <compounddef id="auxiliares_8c" kind="file" language="C++">
    <compoundname>auxiliares.c</compoundname>
    <includes refid="auxiliares_8h" local="yes">auxiliares.h</includes>
    <includes local="no">math.h</includes>
    <includes local="no">stdlib.h</includes>
    <includes local="no">stdio.h</includes>
    <incdepgraph>
      <node id="3">
        <label>stdlib.h</label>
      </node>
      <node id="2">
        <label>math.h</label>
      </node>
      <node id="0">
        <label>auxiliares.c</label>
        <link refid="auxiliares_8c"/>
        <childnode refid="1" relation="include">
        </childnode>
        <childnode refid="2" relation="include">
        </childnode>
        <childnode refid="3" relation="include">
        </childnode>
        <childnode refid="4" relation="include">
        </childnode>
      </node>
      <node id="1">
        <label>auxiliares.h</label>
        <link refid="auxiliares_8h"/>
      </node>
      <node id="4">
        <label>stdio.h</label>
      </node>
    </incdepgraph>
      <sectiondef kind="func">
      <memberdef kind="function" id="auxiliares_8c_1ae3b99323b6f8f35d80bb69ff1a27985e" prot="public" static="no" const="no" explicit="no" inline="no" virt="non-virtual">
        <type><ref refid="auxiliares_8h_1a5a5447a03bcb835183312f000a1d12bc" kindref="member">LISTA</ref></type>
        <definition>LISTA criar_lista</definition>
        <argsstring>()</argsstring>
        <name>criar_lista</name>
        <briefdescription>
<para>Função que cria uma lista vazia. </para>        </briefdescription>
        <detaileddescription>
<para><simplesect kind="return"><para>Lista vazia </para></simplesect>
</para>        </detaileddescription>
        <inbodydescription>
        </inbodydescription>
        <location file="auxiliares.c" line="8" column="1" bodyfile="auxiliares.c" bodystart="8" bodyend="13"/>
      </memberdef>
      <memberdef kind="function" id="auxiliares_8c_1a5f74e07389068229446ef997f20679e9" prot="public" static="no" const="no" explicit="no" inline="no" virt="non-virtual">
        <type><ref refid="auxiliares_8h_1a5a5447a03bcb835183312f000a1d12bc" kindref="member">LISTA</ref></type>
        <definition>LISTA insere_cabeca</definition>
        <argsstring>(LISTA L, void *v)</argsstring>
        <name>insere_cabeca</name>
        <param>
          <type><ref refid="auxiliares_8h_1a5a5447a03bcb835183312f000a1d12bc" kindref="member">LISTA</ref></type>
          <declname>L</declname>
        </param>
        <param>
          <type>void *</type>
          <declname>valor</declname>
          <defname>v</defname>
        </param>
        <briefdescription>
<para>Função que insere um valor na cabeça da lista. </para>        </briefdescription>
        <detaileddescription>
<para><simplesect kind="return"><para>Nova lista </para></simplesect>
</para>        </detaileddescription>
        <inbodydescription>
        </inbodydescription>
        <location file="auxiliares.c" line="15" column="1" bodyfile="auxiliares.c" bodystart="15" bodyend="20"/>
      </memberdef>
      <memberdef kind="function" id="auxiliares_8c_1abfcb205f3eb670157be0d1221021714b" prot="public" static="no" const="no" explicit="no" inline="no" virt="non-virtual">
        <type>void *</type>
        <definition>void* devolve_cabeca</definition>
        <argsstring>(LISTA L)</argsstring>
        <name>devolve_cabeca</name>
        <param>
          <type><ref refid="auxiliares_8h_1a5a5447a03bcb835183312f000a1d12bc" kindref="member">LISTA</ref></type>
          <declname>L</declname>
        </param>
        <briefdescription>
<para>Função que devolve a cabeça da lista. </para>        </briefdescription>
        <detaileddescription>
<para><simplesect kind="return"><para>Lista vazia </para></simplesect>
</para>        </detaileddescription>
        <inbodydescription>
        </inbodydescription>
        <location file="auxiliares.c" line="22" column="1" bodyfile="auxiliares.c" bodystart="22" bodyend="27"/>
      </memberdef>
      <memberdef kind="function" id="auxiliares_8c_1ad9380152361127432c55c1c6067e05ae" prot="public" static="no" const="no" explicit="no" inline="no" virt="non-virtual">
        <type><ref refid="auxiliares_8h_1a5a5447a03bcb835183312f000a1d12bc" kindref="member">LISTA</ref></type>
        <definition>LISTA proximo</definition>
        <argsstring>(LISTA L)</argsstring>
        <name>proximo</name>
        <param>
          <type><ref refid="auxiliares_8h_1a5a5447a03bcb835183312f000a1d12bc" kindref="member">LISTA</ref></type>
          <declname>L</declname>
        </param>
        <briefdescription>
<para>Função que devolve a cauda da lista. </para>        </briefdescription>
        <detaileddescription>
        </detaileddescription>
        <inbodydescription>
        </inbodydescription>
        <location file="auxiliares.c" line="29" column="1" bodyfile="auxiliares.c" bodystart="29" bodyend="34"/>
      </memberdef>
      <memberdef kind="function" id="auxiliares_8c_1a7efad7ce8f98e281be10a2e537de68cb" prot="public" static="no" const="no" explicit="no" inline="no" virt="non-virtual">
        <type><ref refid="structCOORDENADA" kindref="compound">COORDENADA</ref></type>
        <definition>COORDENADA obter_coord_branca</definition>
        <argsstring>(ESTADO *e)</argsstring>
        <name>obter_coord_branca</name>
        <param>
          <type><ref refid="structESTADO" kindref="compound">ESTADO</ref> *</type>
          <declname>e</declname>
        </param>
        <briefdescription>
<para>Função que recebe o estado do jogo e retorna a coordenada da peça branca. </para>        </briefdescription>
        <detaileddescription>
<para><parameterlist kind="param"><parameteritem>
<parameternamelist>
<parametername>e</parametername>
</parameternamelist>
<parameterdescription>
<para>Apontador para o estado </para></parameterdescription>
</parameteritem>
</parameterlist>
<simplesect kind="return"><para>A coordenada da peça branca </para></simplesect>
</para>        </detaileddescription>
        <inbodydescription>
        </inbodydescription>
        <location file="auxiliares.c" line="36" column="1" bodyfile="auxiliares.c" bodystart="36" bodyend="49"/>
      </memberdef>
      <memberdef kind="function" id="auxiliares_8c_1a43134a0efdc6f282be9a7f83997e8fc9" prot="public" static="no" const="no" explicit="no" inline="no" virt="non-virtual">
        <type>double</type>
        <definition>double dist</definition>
        <argsstring>(int x, int y, int z, int w)</argsstring>
        <name>dist</name>
        <param>
          <type>int</type>
          <declname>x</declname>
        </param>
        <param>
          <type>int</type>
          <declname>y</declname>
        </param>
        <param>
          <type>int</type>
          <declname>z</declname>
        </param>
        <param>
          <type>int</type>
          <declname>w</declname>
        </param>
        <briefdescription>
<para>Função que calacula a distancia entre 2 coordenadas. </para>        </briefdescription>
        <detaileddescription>
        </detaileddescription>
        <inbodydescription>
        </inbodydescription>
        <location file="auxiliares.c" line="53" column="1" bodyfile="auxiliares.c" bodystart="53" bodyend="56"/>
      </memberdef>
      <memberdef kind="function" id="auxiliares_8c_1a5bf23e2e67f5cc232d1281ad8d3589ff" prot="public" static="no" const="no" explicit="no" inline="no" virt="non-virtual">
        <type><ref refid="structCOORDENADA" kindref="compound">COORDENADA</ref></type>
        <definition>COORDENADA to_int</definition>
        <argsstring>(char v[])</argsstring>
        <name>to_int</name>
        <param>
          <type>char</type>
          <declname>v</declname>
          <array>[]</array>
        </param>
        <briefdescription>
<para>Função que tranforma uma string em coordenadas. </para>        </briefdescription>
        <detaileddescription>
        </detaileddescription>
        <inbodydescription>
        </inbodydescription>
        <location file="auxiliares.c" line="58" column="1" bodyfile="auxiliares.c" bodystart="58" bodyend="64"/>
      </memberdef>
      <memberdef kind="function" id="auxiliares_8c_1a91008dcf7eed26e9f8986c527dd7b2d3" prot="public" static="no" const="no" explicit="no" inline="no" virt="non-virtual">
        <type>char *</type>
        <definition>char* to_string</definition>
        <argsstring>(int x, int y)</argsstring>
        <name>to_string</name>
        <param>
          <type>int</type>
          <declname>x</declname>
        </param>
        <param>
          <type>int</type>
          <declname>y</declname>
        </param>
        <briefdescription>
<para>Função que tranforma 2 inteiros numa string. </para>        </briefdescription>
        <detaileddescription>
        </detaileddescription>
        <inbodydescription>
        </inbodydescription>
        <location file="auxiliares.c" line="67" column="1" bodyfile="auxiliares.c" bodystart="67" bodyend="72"/>
      </memberdef>
      <memberdef kind="function" id="auxiliares_8c_1a1aea03240fe093e7eef97e0412298e7b" prot="public" static="no" const="no" explicit="no" inline="no" virt="non-virtual">
        <type><ref refid="auxiliares_8h_1a5a5447a03bcb835183312f000a1d12bc" kindref="member">LISTA</ref></type>
        <definition>LISTA jogadas_possiveis</definition>
        <argsstring>(ESTADO *e, LISTA l)</argsstring>
        <name>jogadas_possiveis</name>
        <param>
          <type><ref refid="structESTADO" kindref="compound">ESTADO</ref> *</type>
          <declname>e</declname>
        </param>
        <param>
          <type><ref refid="auxiliares_8h_1a5a5447a03bcb835183312f000a1d12bc" kindref="member">LISTA</ref></type>
          <declname>l</declname>
        </param>
        <briefdescription>
<para>Função que devolve uma lista com as jogadas possiveis. </para>        </briefdescription>
        <detaileddescription>
<para><parameterlist kind="param"><parameteritem>
<parameternamelist>
<parametername>e</parametername>
</parameternamelist>
<parameterdescription>
<para>Apontador para o estado </para></parameterdescription>
</parameteritem>
<parameteritem>
<parameternamelist>
<parametername>l</parametername>
</parameternamelist>
<parameterdescription>
<para>Lista de jogadas possiveis </para></parameterdescription>
</parameteritem>
</parameterlist>
</para>        </detaileddescription>
        <inbodydescription>
        </inbodydescription>
        <location file="auxiliares.c" line="75" column="1" bodyfile="auxiliares.c" bodystart="75" bodyend="89"/>
      </memberdef>
      <memberdef kind="function" id="auxiliares_8c_1aa0b6c1689e60ac852a73d67e066c1df5" prot="public" static="no" const="no" explicit="no" inline="no" virt="non-virtual">
        <type>void</type>
        <definition>void mostrar_tabuleiro</definition>
        <argsstring>(ESTADO *e)</argsstring>
        <name>mostrar_tabuleiro</name>
        <param>
          <type><ref refid="structESTADO" kindref="compound">ESTADO</ref> *</type>
          <declname>e</declname>
        </param>
        <briefdescription>
<para>Função que recebe o estado do jogo e imprime o tabuleiro. </para>        </briefdescription>
        <detaileddescription>
<para><parameterlist kind="param"><parameteritem>
<parameternamelist>
<parametername>e</parametername>
</parameternamelist>
<parameterdescription>
<para>Apontador para o estado </para></parameterdescription>
</parameteritem>
</parameterlist>
<simplesect kind="return"><para>O tabuleiro </para></simplesect>
</para>        </detaileddescription>
        <inbodydescription>
        </inbodydescription>
        <location file="auxiliares.c" line="92" column="1" bodyfile="auxiliares.c" bodystart="92" bodyend="108"/>
      </memberdef>
      <memberdef kind="function" id="auxiliares_8c_1a70bfbeadc5be12c9cb3110cba47c2694" prot="public" static="no" const="no" explicit="no" inline="no" virt="non-virtual">
        <type>int</type>
        <definition>int num</definition>
        <argsstring>(ESTADO *e)</argsstring>
        <name>num</name>
        <param>
          <type><ref refid="structESTADO" kindref="compound">ESTADO</ref> *</type>
          <declname>e</declname>
        </param>
        <briefdescription>
<para>Função que nos da o número de jogadas efetuadas. </para>        </briefdescription>
        <detaileddescription>
<para><parameterlist kind="param"><parameteritem>
<parameternamelist>
<parametername>e</parametername>
</parameternamelist>
<parameterdescription>
<para>Apontador para o estado </para></parameterdescription>
</parameteritem>
</parameterlist>
<simplesect kind="return"><para>Número de jogadas </para></simplesect>
</para>        </detaileddescription>
        <inbodydescription>
        </inbodydescription>
        <location file="auxiliares.c" line="110" column="1" bodyfile="auxiliares.c" bodystart="110" bodyend="113"/>
      </memberdef>
      <memberdef kind="function" id="auxiliares_8c_1a0b947e7c09ac1c526a7d2cc4a35db3fa" prot="public" static="no" const="no" explicit="no" inline="no" virt="non-virtual">
        <type><ref refid="structESTADO" kindref="compound">ESTADO</ref> *</type>
        <definition>ESTADO* ler</definition>
        <argsstring>(ESTADO *e, char fich[])</argsstring>
        <name>ler</name>
        <param>
          <type><ref refid="structESTADO" kindref="compound">ESTADO</ref> *</type>
          <declname>e</declname>
        </param>
        <param>
          <type>char</type>
          <declname>fich</declname>
          <array>[]</array>
        </param>
        <briefdescription>
<para>Função que lê um ficheiro com um tabuleiro previamnete gravado. </para>        </briefdescription>
        <detaileddescription>
<para>Função que lê tabuleiros que ja foram gravados caso o ficheiro exista.</para><para><parameterlist kind="param"><parameteritem>
<parameternamelist>
<parametername>e</parametername>
</parameternamelist>
<parameterdescription>
<para>Apontador para o estado </para></parameterdescription>
</parameteritem>
<parameteritem>
<parameternamelist>
<parametername>fich[]</parametername>
</parameternamelist>
<parameterdescription>
<para>Nome do ficheiro inserido pelo utilizador no terminal </para></parameterdescription>
</parameteritem>
</parameterlist>
</para>        </detaileddescription>
        <inbodydescription>
        </inbodydescription>
        <location file="auxiliares.c" line="115" column="1" bodyfile="auxiliares.c" bodystart="115" bodyend="139"/>
      </memberdef>
      <memberdef kind="function" id="auxiliares_8c_1a0f002a3e1122d65b85d09213886f26fe" prot="public" static="no" const="no" explicit="no" inline="no" virt="non-virtual">
        <type>int</type>
        <definition>int gravar</definition>
        <argsstring>(ESTADO *e, char fich[], int turno)</argsstring>
        <name>gravar</name>
        <param>
          <type><ref refid="structESTADO" kindref="compound">ESTADO</ref> *</type>
          <declname>e</declname>
        </param>
        <param>
          <type>char</type>
          <declname>fich</declname>
          <array>[]</array>
        </param>
        <param>
          <type>int</type>
          <declname>turno</declname>
        </param>
        <briefdescription>
<para>Função que recebe e o estado e grava o tabuleiro num ficheiro .txt. </para>        </briefdescription>
        <detaileddescription>
<para><parameterlist kind="param"><parameteritem>
<parameternamelist>
<parametername>e</parametername>
</parameternamelist>
<parameterdescription>
<para>Apontador para o estado </para></parameterdescription>
</parameteritem>
<parameteritem>
<parameternamelist>
<parametername>fich[]</parametername>
</parameternamelist>
<parameterdescription>
<para>Nome do ficheiro inserido pelo utilizador no terminal </para></parameterdescription>
</parameteritem>
<parameteritem>
<parameternamelist>
<parametername>turno</parametername>
</parameternamelist>
<parameterdescription>
<para>O turno do jogador </para></parameterdescription>
</parameteritem>
</parameterlist>
</para>        </detaileddescription>
        <inbodydescription>
        </inbodydescription>
        <location file="auxiliares.c" line="141" column="1" bodyfile="auxiliares.c" bodystart="141" bodyend="167"/>
      </memberdef>
      <memberdef kind="function" id="auxiliares_8c_1a7e0c7e26fb685d9ab501e19b05e6954f" prot="public" static="no" const="no" explicit="no" inline="no" virt="non-virtual">
        <type><ref refid="structESTADO" kindref="compound">ESTADO</ref> *</type>
        <definition>ESTADO* inicializar_estado</definition>
        <argsstring>()</argsstring>
        <name>inicializar_estado</name>
        <briefdescription>
<para>Inicializa o valor do estado Esta função inicializa o valor do estado. Isso implica a peça branca ser colocada na posição inicial e todos os campos do estado estarem com o valor por omissão. </para>        </briefdescription>
        <detaileddescription>
<para><simplesect kind="return"><para>O novo estado </para></simplesect>
</para>        </detaileddescription>
        <inbodydescription>
        </inbodydescription>
        <location file="auxiliares.c" line="169" column="1" bodyfile="auxiliares.c" bodystart="169" bodyend="184"/>
      </memberdef>
      </sectiondef>
    <briefdescription>
    </briefdescription>
    <detaileddescription>
    </detaileddescription>
    <programlisting>
<codeline lineno="1"><highlight class="preprocessor">#include<sp/>&quot;<ref refid="auxiliares_8h" kindref="compound">auxiliares.h</ref>&quot;</highlight><highlight class="normal"></highlight></codeline>
<codeline lineno="2"><highlight class="normal"></highlight></codeline>
<codeline lineno="3"><highlight class="normal"></highlight><highlight class="preprocessor">#include<sp/>&lt;math.h&gt;</highlight><highlight class="normal"></highlight></codeline>
<codeline lineno="4"><highlight class="normal"></highlight><highlight class="preprocessor">#include<sp/>&lt;stdlib.h&gt;</highlight><highlight class="normal"></highlight></codeline>
<codeline lineno="5"><highlight class="normal"></highlight><highlight class="preprocessor">#include<sp/>&lt;stdio.h&gt;</highlight><highlight class="normal"></highlight></codeline>
<codeline lineno="6"><highlight class="normal"></highlight></codeline>
<codeline lineno="7"><highlight class="normal"></highlight></codeline>
<codeline lineno="8"><highlight class="normal"><ref refid="structnodo" kindref="compound">LISTA</ref><sp/><ref refid="auxiliares_8h_1ae3b99323b6f8f35d80bb69ff1a27985e" kindref="member">criar_lista</ref>(){</highlight></codeline>
<codeline lineno="9"><highlight class="normal"><sp/><sp/><sp/><sp/><ref refid="structnodo" kindref="compound">LISTA</ref><sp/>l;</highlight></codeline>
<codeline lineno="10"><highlight class="normal"><sp/><sp/><sp/><sp/>l<sp/>=<sp/>malloc<sp/>(</highlight><highlight class="keyword">sizeof</highlight><highlight class="normal">(<ref refid="structnodo" kindref="compound">Nodo</ref>));</highlight></codeline>
<codeline lineno="11"><highlight class="normal"><sp/><sp/><sp/><sp/>l-&gt;prox<sp/>=<sp/>NULL;</highlight></codeline>
<codeline lineno="12"><highlight class="normal"><sp/><sp/><sp/><sp/></highlight><highlight class="keywordflow">return</highlight><highlight class="normal"><sp/>l;</highlight></codeline>
<codeline lineno="13"><highlight class="normal">}</highlight></codeline>
<codeline lineno="14"><highlight class="normal"></highlight></codeline>
<codeline lineno="15"><highlight class="normal"><ref refid="structnodo" kindref="compound">LISTA</ref><sp/><ref refid="auxiliares_8h_1a37ba5fc3cfddb6bc94d4b54b00bc696e" kindref="member">insere_cabeca</ref>(<ref refid="structnodo" kindref="compound">LISTA</ref><sp/>L,<sp/></highlight><highlight class="keywordtype">void</highlight><highlight class="normal"><sp/>*v){</highlight></codeline>
<codeline lineno="16"><highlight class="normal"><sp/><sp/><sp/><sp/><ref refid="structnodo" kindref="compound">LISTA</ref><sp/>l<sp/>=<sp/><ref refid="auxiliares_8h_1ae3b99323b6f8f35d80bb69ff1a27985e" kindref="member">criar_lista</ref>();</highlight></codeline>
<codeline lineno="17"><highlight class="normal"><sp/><sp/><sp/><sp/>l-&gt;valor<sp/>=<sp/>v;</highlight></codeline>
<codeline lineno="18"><highlight class="normal"><sp/><sp/><sp/><sp/>l-&gt;prox<sp/>=<sp/>L;</highlight></codeline>
<codeline lineno="19"><highlight class="normal"><sp/><sp/><sp/><sp/></highlight><highlight class="keywordflow">return</highlight><highlight class="normal"><sp/>l;</highlight></codeline>
<codeline lineno="20"><highlight class="normal">}</highlight></codeline>
<codeline lineno="21"><highlight class="normal"></highlight></codeline>
<codeline lineno="22"><highlight class="normal"></highlight><highlight class="keywordtype">void</highlight><highlight class="normal"><sp/>*<ref refid="auxiliares_8h_1abfcb205f3eb670157be0d1221021714b" kindref="member">devolve_cabeca</ref>(<ref refid="structnodo" kindref="compound">LISTA</ref><sp/>L){</highlight></codeline>
<codeline lineno="23"><highlight class="normal"><sp/><sp/><sp/><sp/></highlight><highlight class="keywordtype">void</highlight><highlight class="normal"><sp/>*cabeca;</highlight></codeline>
<codeline lineno="24"><highlight class="normal"><sp/><sp/><sp/><sp/></highlight><highlight class="keywordflow">if</highlight><highlight class="normal"><sp/>(L<sp/>==<sp/>NULL)<sp/>cabeca<sp/>=<sp/>NULL;</highlight></codeline>
<codeline lineno="25"><highlight class="normal"><sp/><sp/><sp/><sp/></highlight><highlight class="keywordflow">else</highlight><highlight class="normal"><sp/>cabeca<sp/>=<sp/>L-&gt;valor;</highlight></codeline>
<codeline lineno="26"><highlight class="normal"><sp/><sp/><sp/><sp/></highlight><highlight class="keywordflow">return</highlight><highlight class="normal"><sp/>cabeca;</highlight></codeline>
<codeline lineno="27"><highlight class="normal">}</highlight></codeline>
<codeline lineno="28"><highlight class="normal"></highlight></codeline>
<codeline lineno="29"><highlight class="normal"><ref refid="structnodo" kindref="compound">LISTA</ref><sp/><ref refid="auxiliares_8h_1ad9380152361127432c55c1c6067e05ae" kindref="member">proximo</ref>(<ref refid="structnodo" kindref="compound">LISTA</ref><sp/>L){</highlight></codeline>
<codeline lineno="30"><highlight class="normal"><sp/><sp/><sp/><sp/><ref refid="structnodo" kindref="compound">LISTA</ref><sp/>l;</highlight></codeline>
<codeline lineno="31"><highlight class="normal"><sp/><sp/><sp/><sp/></highlight><highlight class="keywordflow">if</highlight><highlight class="normal"><sp/>(L<sp/>==<sp/>NULL)<sp/>l<sp/>=<sp/>NULL;<sp/></highlight><highlight class="comment">//corrigido</highlight><highlight class="normal"></highlight></codeline>
<codeline lineno="32"><highlight class="normal"><sp/><sp/><sp/><sp/></highlight><highlight class="keywordflow">else</highlight><highlight class="normal"><sp/>l<sp/>=<sp/>L-&gt;prox;</highlight></codeline>
<codeline lineno="33"><highlight class="normal"><sp/><sp/><sp/><sp/></highlight><highlight class="keywordflow">return</highlight><highlight class="normal"><sp/>l;</highlight></codeline>
<codeline lineno="34"><highlight class="normal">}</highlight></codeline>
<codeline lineno="35"><highlight class="normal"></highlight></codeline>
<codeline lineno="36"><highlight class="normal"><ref refid="structCOORDENADA" kindref="compound">COORDENADA</ref><sp/><ref refid="auxiliares_8h_1a7efad7ce8f98e281be10a2e537de68cb" kindref="member">obter_coord_branca</ref>(<ref refid="structESTADO" kindref="compound">ESTADO</ref><sp/>*e){</highlight></codeline>
<codeline lineno="37"><highlight class="normal"><sp/><sp/><sp/><sp/></highlight><highlight class="keywordtype">int</highlight><highlight class="normal"><sp/>i,<sp/>j;</highlight></codeline>
<codeline lineno="38"><highlight class="normal"><sp/><sp/><sp/><sp/><ref refid="structCOORDENADA" kindref="compound">COORDENADA</ref><sp/>coord;</highlight></codeline>
<codeline lineno="39"><highlight class="normal"><sp/><sp/><sp/><sp/></highlight><highlight class="keywordflow">for</highlight><highlight class="normal"><sp/>(j=0;<sp/>j&lt;8;<sp/>j++){</highlight></codeline>
<codeline lineno="40"><highlight class="normal"><sp/><sp/><sp/><sp/><sp/><sp/><sp/><sp/></highlight><highlight class="keywordflow">for</highlight><highlight class="normal"><sp/>(i=0;<sp/>i&lt;8;<sp/>i++)</highlight></codeline>
<codeline lineno="41"><highlight class="normal"><sp/><sp/><sp/><sp/><sp/><sp/><sp/><sp/>{</highlight></codeline>
<codeline lineno="42"><highlight class="normal"><sp/><sp/><sp/><sp/><sp/><sp/><sp/><sp/><sp/><sp/><sp/><sp/></highlight><highlight class="keywordflow">if</highlight><highlight class="normal"><sp/>(e-&gt;<ref refid="structESTADO_1ae03c399b73d7a92d7f7ced83e91e5b6f" kindref="member">tab</ref>[j][i]==<ref refid="camada__dados_8h_1aba91601f16d4c485b2d9b8c429f27039ad24485fddec75419fd4a0cc9edda0ca5" kindref="member">BRANCA</ref>){</highlight></codeline>
<codeline lineno="43"><highlight class="normal"><sp/><sp/><sp/><sp/><sp/><sp/><sp/><sp/><sp/><sp/><sp/><sp/><sp/><sp/><sp/><sp/>coord.coluna=i;</highlight></codeline>
<codeline lineno="44"><highlight class="normal"><sp/><sp/><sp/><sp/><sp/><sp/><sp/><sp/><sp/><sp/><sp/><sp/><sp/><sp/><sp/><sp/>coord.linha=j;</highlight></codeline>
<codeline lineno="45"><highlight class="normal"><sp/><sp/><sp/><sp/><sp/><sp/><sp/><sp/><sp/><sp/><sp/><sp/>}</highlight></codeline>
<codeline lineno="46"><highlight class="normal"><sp/><sp/><sp/><sp/><sp/><sp/><sp/><sp/>}</highlight></codeline>
<codeline lineno="47"><highlight class="normal"><sp/><sp/><sp/><sp/>}</highlight></codeline>
<codeline lineno="48"><highlight class="normal"><sp/><sp/><sp/><sp/></highlight><highlight class="keywordflow">return</highlight><highlight class="normal"><sp/>coord;</highlight></codeline>
<codeline lineno="49"><highlight class="normal">}</highlight></codeline>
<codeline lineno="50"><highlight class="normal"></highlight></codeline>
<codeline lineno="51"><highlight class="normal"></highlight></codeline>
<codeline lineno="52"><highlight class="normal"></highlight></codeline>
<codeline lineno="53"><highlight class="normal"></highlight><highlight class="keywordtype">double</highlight><highlight class="normal"><sp/><ref refid="auxiliares_8h_1a43134a0efdc6f282be9a7f83997e8fc9" kindref="member">dist</ref><sp/>(</highlight><highlight class="keywordtype">int</highlight><highlight class="normal"><sp/>x,<sp/></highlight><highlight class="keywordtype">int</highlight><highlight class="normal"><sp/>y,<sp/></highlight><highlight class="keywordtype">int</highlight><highlight class="normal"><sp/>z,<sp/></highlight><highlight class="keywordtype">int</highlight><highlight class="normal"><sp/>w){</highlight></codeline>
<codeline lineno="54"><highlight class="normal"><sp/><sp/><sp/><sp/></highlight><highlight class="keywordtype">double</highlight><highlight class="normal"><sp/>distancia<sp/>=<sp/>sqrt(pow(abs(x<sp/>-<sp/>z),<sp/>2)<sp/>+<sp/>pow(abs(y<sp/>-<sp/>w),<sp/>2));</highlight></codeline>
<codeline lineno="55"><highlight class="normal"><sp/><sp/><sp/><sp/></highlight><highlight class="keywordflow">return</highlight><highlight class="normal"><sp/>distancia;</highlight></codeline>
<codeline lineno="56"><highlight class="normal">}</highlight></codeline>
<codeline lineno="57"><highlight class="normal"></highlight></codeline>
<codeline lineno="58"><highlight class="normal"><ref refid="structCOORDENADA" kindref="compound">COORDENADA</ref><sp/><ref refid="auxiliares_8h_1a5bf23e2e67f5cc232d1281ad8d3589ff" kindref="member">to_int</ref>(</highlight><highlight class="keywordtype">char</highlight><highlight class="normal"><sp/>v[]){</highlight></codeline>
<codeline lineno="59"><highlight class="normal"><sp/><sp/><sp/><sp/></highlight><highlight class="keywordtype">int</highlight><highlight class="normal"><sp/>d<sp/>=<sp/>v[0]-48,<sp/>d1<sp/>=<sp/>v[1]-48;</highlight></codeline>
<codeline lineno="60"><highlight class="normal"><sp/><sp/><sp/><sp/><ref refid="structCOORDENADA" kindref="compound">COORDENADA</ref><sp/>c;</highlight></codeline>
<codeline lineno="61"><highlight class="normal"><sp/><sp/><sp/><sp/>c.linha<sp/>=<sp/>d;</highlight></codeline>
<codeline lineno="62"><highlight class="normal"><sp/><sp/><sp/><sp/>c.coluna<sp/>=<sp/>d1;</highlight></codeline>
<codeline lineno="63"><highlight class="normal"><sp/><sp/><sp/><sp/></highlight><highlight class="keywordflow">return</highlight><highlight class="normal"><sp/>c;</highlight></codeline>
<codeline lineno="64"><highlight class="normal">}</highlight></codeline>
<codeline lineno="65"><highlight class="normal"></highlight></codeline>
<codeline lineno="66"><highlight class="normal"></highlight></codeline>
<codeline lineno="67"><highlight class="normal"></highlight><highlight class="keywordtype">char</highlight><highlight class="normal">*<sp/><ref refid="auxiliares_8h_1a91008dcf7eed26e9f8986c527dd7b2d3" kindref="member">to_string</ref>(</highlight><highlight class="keywordtype">int</highlight><highlight class="normal"><sp/>x,<sp/></highlight><highlight class="keywordtype">int</highlight><highlight class="normal"><sp/>y){</highlight></codeline>
<codeline lineno="68"><highlight class="normal"><sp/><sp/><sp/><sp/></highlight><highlight class="keywordtype">char</highlight><highlight class="normal"><sp/>*v=malloc((1));</highlight></codeline>
<codeline lineno="69"><highlight class="normal"><sp/><sp/><sp/><sp/>v[0]=x+48;</highlight></codeline>
<codeline lineno="70"><highlight class="normal"><sp/><sp/><sp/><sp/>v[1]=y+48;</highlight></codeline>
<codeline lineno="71"><highlight class="normal"><sp/><sp/><sp/><sp/></highlight><highlight class="keywordflow">return</highlight><highlight class="normal"><sp/>v;</highlight></codeline>
<codeline lineno="72"><highlight class="normal">}</highlight></codeline>
<codeline lineno="73"><highlight class="normal"></highlight></codeline>
<codeline lineno="74"><highlight class="normal"></highlight></codeline>
<codeline lineno="75"><highlight class="normal"><ref refid="structnodo" kindref="compound">LISTA</ref><sp/><ref refid="auxiliares_8h_1a1aea03240fe093e7eef97e0412298e7b" kindref="member">jogadas_possiveis</ref>(<ref refid="structESTADO" kindref="compound">ESTADO</ref><sp/>*e,<sp/><ref refid="structnodo" kindref="compound">LISTA</ref><sp/>l)<sp/>{</highlight></codeline>
<codeline lineno="76"><highlight class="normal"><sp/><sp/><sp/><sp/><ref refid="structCOORDENADA" kindref="compound">COORDENADA</ref><sp/>u;</highlight></codeline>
<codeline lineno="77"><highlight class="normal"><sp/><sp/><sp/><sp/>u<sp/>=<sp/><ref refid="auxiliares_8h_1a7efad7ce8f98e281be10a2e537de68cb" kindref="member">obter_coord_branca</ref>(e);</highlight></codeline>
<codeline lineno="78"><highlight class="normal"><sp/><sp/><sp/><sp/></highlight><highlight class="keywordtype">int</highlight><highlight class="normal"><sp/>i,<sp/>j;</highlight></codeline>
<codeline lineno="79"><highlight class="normal"><sp/><sp/><sp/><sp/></highlight><highlight class="keywordflow">for</highlight><highlight class="normal"><sp/>(j<sp/>=<sp/>0;<sp/>j<sp/>&lt;<sp/>8;<sp/>j++)<sp/>{</highlight></codeline>
<codeline lineno="80"><highlight class="normal"><sp/><sp/><sp/><sp/><sp/><sp/><sp/><sp/></highlight><highlight class="keywordflow">for</highlight><highlight class="normal"><sp/>(i<sp/>=<sp/>0;<sp/>i<sp/>&lt;<sp/>8;<sp/>i++)<sp/>{</highlight></codeline>
<codeline lineno="81"><highlight class="normal"><sp/><sp/><sp/><sp/><sp/><sp/><sp/><sp/><sp/><sp/><sp/><sp/></highlight><highlight class="keywordtype">double</highlight><highlight class="normal"><sp/>distancia<sp/><sp/>=<sp/><ref refid="auxiliares_8h_1a43134a0efdc6f282be9a7f83997e8fc9" kindref="member">dist</ref>(j,<sp/>i,<sp/>u.linha,<sp/>u.coluna)<sp/>;</highlight></codeline>
<codeline lineno="82"><highlight class="normal"><sp/><sp/><sp/><sp/><sp/><sp/><sp/><sp/><sp/><sp/><sp/><sp/></highlight><highlight class="keywordflow">if</highlight><highlight class="normal"><sp/>((distancia<sp/>==<sp/>1<sp/>||<sp/>distancia<sp/>==<sp/>sqrt(2))<sp/>&amp;&amp;<sp/>(e-&gt;<ref refid="structESTADO_1ae03c399b73d7a92d7f7ced83e91e5b6f" kindref="member">tab</ref>[j][i]<sp/>==<sp/><ref refid="camada__dados_8h_1aba91601f16d4c485b2d9b8c429f27039abc711f491a56ec7af7a688be508c5113" kindref="member">VAZIO</ref><sp/>||<sp/>e-&gt;<ref refid="structESTADO_1ae03c399b73d7a92d7f7ced83e91e5b6f" kindref="member">tab</ref>[j][i]<sp/>==<sp/><ref refid="camada__dados_8h_1aba91601f16d4c485b2d9b8c429f27039a8ff080ca8f3143a71121a37a8e6596d8" kindref="member">JOG1</ref><sp/>||<sp/>e-&gt;<ref refid="structESTADO_1ae03c399b73d7a92d7f7ced83e91e5b6f" kindref="member">tab</ref>[j][i]<sp/>==<sp/><ref refid="camada__dados_8h_1aba91601f16d4c485b2d9b8c429f27039a15421bcb42ff42b5d6a8ba24d6ebfb88" kindref="member">JOG2</ref>))<sp/>{</highlight></codeline>
<codeline lineno="83"><highlight class="normal"><sp/><sp/><sp/><sp/><sp/><sp/><sp/><sp/><sp/><sp/><sp/><sp/><sp/><sp/><sp/><sp/></highlight><highlight class="keywordtype">char</highlight><highlight class="normal">*<sp/>t=<sp/><ref refid="auxiliares_8h_1a91008dcf7eed26e9f8986c527dd7b2d3" kindref="member">to_string</ref>(j,<sp/>i);</highlight></codeline>
<codeline lineno="84"><highlight class="normal"><sp/><sp/><sp/><sp/><sp/><sp/><sp/><sp/><sp/><sp/><sp/><sp/><sp/><sp/><sp/><sp/>l<sp/>=<sp/><ref refid="auxiliares_8h_1a37ba5fc3cfddb6bc94d4b54b00bc696e" kindref="member">insere_cabeca</ref>(l,<sp/>t);</highlight></codeline>
<codeline lineno="85"><highlight class="normal"><sp/><sp/><sp/><sp/><sp/><sp/><sp/><sp/><sp/><sp/><sp/><sp/>}</highlight></codeline>
<codeline lineno="86"><highlight class="normal"><sp/><sp/><sp/><sp/><sp/><sp/><sp/><sp/>}</highlight></codeline>
<codeline lineno="87"><highlight class="normal"><sp/><sp/><sp/><sp/>}</highlight></codeline>
<codeline lineno="88"><highlight class="normal"><sp/><sp/><sp/><sp/></highlight><highlight class="keywordflow">return</highlight><highlight class="normal"><sp/>l;</highlight></codeline>
<codeline lineno="89"><highlight class="normal">}</highlight></codeline>
<codeline lineno="90"><highlight class="normal"></highlight></codeline>
<codeline lineno="91"><highlight class="normal"></highlight></codeline>
<codeline lineno="92"><highlight class="normal"></highlight><highlight class="keywordtype">void</highlight><highlight class="normal"><sp/><ref refid="auxiliares_8h_1aa0b6c1689e60ac852a73d67e066c1df5" kindref="member">mostrar_tabuleiro</ref>(<ref refid="structESTADO" kindref="compound">ESTADO</ref><sp/>*e){</highlight></codeline>
<codeline lineno="93"><highlight class="normal"><sp/><sp/><sp/><sp/></highlight><highlight class="keywordtype">int</highlight><highlight class="normal"><sp/>i,<sp/>j,<sp/>c=8;</highlight></codeline>
<codeline lineno="94"><highlight class="normal"><sp/><sp/><sp/><sp/></highlight><highlight class="keywordflow">for</highlight><highlight class="normal"><sp/>(j=0;<sp/>j&lt;8;<sp/>j++){</highlight></codeline>
<codeline lineno="95"><highlight class="normal"><sp/><sp/><sp/><sp/><sp/><sp/><sp/><sp/>printf<sp/>(</highlight><highlight class="stringliteral">&quot;%d<sp/><sp/>&quot;</highlight><highlight class="normal">,<sp/>c);</highlight></codeline>
<codeline lineno="96"><highlight class="normal"><sp/><sp/><sp/><sp/><sp/><sp/><sp/><sp/>c--;</highlight></codeline>
<codeline lineno="97"><highlight class="normal"><sp/><sp/><sp/><sp/><sp/><sp/><sp/><sp/></highlight><highlight class="keywordflow">for</highlight><highlight class="normal"><sp/>(i<sp/>=<sp/>0;<sp/>i&lt;8;<sp/>i++)</highlight></codeline>
<codeline lineno="98"><highlight class="normal"><sp/><sp/><sp/><sp/><sp/><sp/><sp/><sp/>{</highlight></codeline>
<codeline lineno="99"><highlight class="normal"><sp/><sp/><sp/><sp/><sp/><sp/><sp/><sp/><sp/><sp/><sp/><sp/></highlight><highlight class="keywordflow">if</highlight><highlight class="normal"><sp/>(e-&gt;<ref refid="structESTADO_1ae03c399b73d7a92d7f7ced83e91e5b6f" kindref="member">tab</ref>[j][i]==<ref refid="camada__dados_8h_1aba91601f16d4c485b2d9b8c429f27039a007278eb3827d19891b47cdd3ac8846d" kindref="member">PRETA</ref>)<sp/>printf<sp/>(</highlight><highlight class="stringliteral">&quot;#<sp/>&quot;</highlight><highlight class="normal">);</highlight></codeline>
<codeline lineno="100"><highlight class="normal"><sp/><sp/><sp/><sp/><sp/><sp/><sp/><sp/><sp/><sp/><sp/><sp/></highlight><highlight class="keywordflow">else</highlight><highlight class="normal"><sp/></highlight><highlight class="keywordflow">if</highlight><highlight class="normal"><sp/>(e-&gt;<ref refid="structESTADO_1ae03c399b73d7a92d7f7ced83e91e5b6f" kindref="member">tab</ref>[j][i]==<ref refid="camada__dados_8h_1aba91601f16d4c485b2d9b8c429f27039abc711f491a56ec7af7a688be508c5113" kindref="member">VAZIO</ref>)<sp/>printf<sp/>(</highlight><highlight class="stringliteral">&quot;.<sp/>&quot;</highlight><highlight class="normal">);</highlight></codeline>
<codeline lineno="101"><highlight class="normal"><sp/><sp/><sp/><sp/><sp/><sp/><sp/><sp/><sp/><sp/><sp/><sp/></highlight><highlight class="keywordflow">else</highlight><highlight class="normal"><sp/></highlight><highlight class="keywordflow">if</highlight><highlight class="normal"><sp/>(e-&gt;<ref refid="structESTADO_1ae03c399b73d7a92d7f7ced83e91e5b6f" kindref="member">tab</ref>[j][i]==<ref refid="camada__dados_8h_1aba91601f16d4c485b2d9b8c429f27039ad24485fddec75419fd4a0cc9edda0ca5" kindref="member">BRANCA</ref>)<sp/>printf<sp/>(</highlight><highlight class="stringliteral">&quot;*<sp/>&quot;</highlight><highlight class="normal">);</highlight></codeline>
<codeline lineno="102"><highlight class="normal"><sp/><sp/><sp/><sp/><sp/><sp/><sp/><sp/><sp/><sp/><sp/><sp/></highlight><highlight class="keywordflow">else</highlight><highlight class="normal"><sp/></highlight><highlight class="keywordflow">if</highlight><highlight class="normal"><sp/>(e-&gt;<ref refid="structESTADO_1ae03c399b73d7a92d7f7ced83e91e5b6f" kindref="member">tab</ref>[j][i]==<ref refid="camada__dados_8h_1aba91601f16d4c485b2d9b8c429f27039a8ff080ca8f3143a71121a37a8e6596d8" kindref="member">JOG1</ref>)<sp/>printf<sp/>(</highlight><highlight class="stringliteral">&quot;1<sp/>&quot;</highlight><highlight class="normal">);</highlight></codeline>
<codeline lineno="103"><highlight class="normal"><sp/><sp/><sp/><sp/><sp/><sp/><sp/><sp/><sp/><sp/><sp/><sp/></highlight><highlight class="keywordflow">else</highlight><highlight class="normal"><sp/></highlight><highlight class="keywordflow">if</highlight><highlight class="normal"><sp/>(e-&gt;<ref refid="structESTADO_1ae03c399b73d7a92d7f7ced83e91e5b6f" kindref="member">tab</ref>[j][i]==<ref refid="camada__dados_8h_1aba91601f16d4c485b2d9b8c429f27039a15421bcb42ff42b5d6a8ba24d6ebfb88" kindref="member">JOG2</ref>)<sp/>printf<sp/>(</highlight><highlight class="stringliteral">&quot;2<sp/>&quot;</highlight><highlight class="normal">);</highlight></codeline>
<codeline lineno="104"><highlight class="normal"><sp/><sp/><sp/><sp/><sp/><sp/><sp/><sp/>}</highlight></codeline>
<codeline lineno="105"><highlight class="normal"><sp/><sp/><sp/><sp/><sp/><sp/><sp/><sp/>printf<sp/>(</highlight><highlight class="stringliteral">&quot;\n&quot;</highlight><highlight class="normal">);</highlight></codeline>
<codeline lineno="106"><highlight class="normal"><sp/><sp/><sp/><sp/>}</highlight></codeline>
<codeline lineno="107"><highlight class="normal"><sp/><sp/><sp/><sp/>printf<sp/>(</highlight><highlight class="stringliteral">&quot;<sp/><sp/><sp/>a<sp/>b<sp/>c<sp/>d<sp/>e<sp/>f<sp/>g<sp/>h\n\n&quot;</highlight><highlight class="normal">);</highlight></codeline>
<codeline lineno="108"><highlight class="normal">}</highlight></codeline>
<codeline lineno="109"><highlight class="normal"></highlight></codeline>
<codeline lineno="110"><highlight class="normal"></highlight><highlight class="keywordtype">int</highlight><highlight class="normal"><sp/><ref refid="camada__interface_8h_1a70bfbeadc5be12c9cb3110cba47c2694" kindref="member">num</ref><sp/>(<ref refid="structESTADO" kindref="compound">ESTADO</ref><sp/>*e){</highlight></codeline>
<codeline lineno="111"><highlight class="normal"><sp/><sp/><sp/><sp/></highlight><highlight class="keywordtype">int</highlight><highlight class="normal"><sp/>r<sp/>=<sp/>e-&gt;<ref refid="structESTADO_1a261495728744647e618b4e623f5a4b7a" kindref="member">num_jogadas</ref>;</highlight></codeline>
<codeline lineno="112"><highlight class="normal"><sp/><sp/><sp/><sp/></highlight><highlight class="keywordflow">return</highlight><highlight class="normal"><sp/>r;</highlight></codeline>
<codeline lineno="113"><highlight class="normal">}</highlight></codeline>
<codeline lineno="114"><highlight class="normal"></highlight></codeline>
<codeline lineno="115"><highlight class="normal"><ref refid="structESTADO" kindref="compound">ESTADO</ref>*<sp/><ref refid="auxiliares_8h_1a0b947e7c09ac1c526a7d2cc4a35db3fa" kindref="member">ler</ref>(<ref refid="structESTADO" kindref="compound">ESTADO</ref><sp/>*e,<sp/></highlight><highlight class="keywordtype">char</highlight><highlight class="normal"><sp/>fich[]){</highlight></codeline>
<codeline lineno="116"><highlight class="normal"><sp/><sp/><sp/><sp/>FILE<sp/>*fp;</highlight></codeline>
<codeline lineno="117"><highlight class="normal"><sp/><sp/><sp/><sp/></highlight><highlight class="keywordtype">char</highlight><highlight class="normal"><sp/>buff[BUFSIZ];</highlight></codeline>
<codeline lineno="118"><highlight class="normal"><sp/><sp/><sp/><sp/></highlight><highlight class="keywordtype">char</highlight><highlight class="normal"><sp/>a;</highlight></codeline>
<codeline lineno="119"><highlight class="normal"><sp/><sp/><sp/><sp/></highlight><highlight class="keywordtype">int</highlight><highlight class="normal"><sp/>j,<sp/>i;</highlight></codeline>
<codeline lineno="120"><highlight class="normal"><sp/><sp/><sp/><sp/>fp=fopen(fich,<sp/></highlight><highlight class="stringliteral">&quot;r&quot;</highlight><highlight class="normal">);</highlight></codeline>
<codeline lineno="121"><highlight class="normal"><sp/><sp/><sp/><sp/>fseek(fp,<sp/>0,<sp/>SEEK_SET);</highlight></codeline>
<codeline lineno="122"><highlight class="normal"><sp/><sp/><sp/><sp/></highlight><highlight class="keywordflow">for</highlight><highlight class="normal">(j=0;<sp/>j&lt;8;<sp/>j++)<sp/>{</highlight></codeline>
<codeline lineno="123"><highlight class="normal"><sp/><sp/><sp/><sp/><sp/><sp/><sp/><sp/></highlight><highlight class="keywordflow">for</highlight><highlight class="normal"><sp/>(i=0;<sp/>i&lt;8;<sp/>i++)<sp/>{</highlight></codeline>
<codeline lineno="124"><highlight class="normal"><sp/><sp/><sp/><sp/><sp/><sp/><sp/><sp/><sp/><sp/><sp/><sp/>fscanf(fp,<sp/></highlight><highlight class="stringliteral">&quot;%c<sp/>&quot;</highlight><highlight class="normal"><sp/>,&amp;a);</highlight></codeline>
<codeline lineno="125"><highlight class="normal"><sp/><sp/><sp/><sp/><sp/><sp/><sp/><sp/><sp/><sp/><sp/><sp/></highlight><highlight class="keywordflow">if</highlight><highlight class="normal"><sp/>(a==</highlight><highlight class="charliteral">&apos;.&apos;</highlight><highlight class="normal">)<sp/>e-&gt;<ref refid="structESTADO_1ae03c399b73d7a92d7f7ced83e91e5b6f" kindref="member">tab</ref>[j][i]=<ref refid="camada__dados_8h_1aba91601f16d4c485b2d9b8c429f27039abc711f491a56ec7af7a688be508c5113" kindref="member">VAZIO</ref>;</highlight></codeline>
<codeline lineno="126"><highlight class="normal"><sp/><sp/><sp/><sp/><sp/><sp/><sp/><sp/><sp/><sp/><sp/><sp/></highlight><highlight class="keywordflow">else</highlight><highlight class="normal"><sp/></highlight><highlight class="keywordflow">if</highlight><highlight class="normal"><sp/>(a==</highlight><highlight class="charliteral">&apos;#&apos;</highlight><highlight class="normal">)<sp/>e-&gt;<ref refid="structESTADO_1ae03c399b73d7a92d7f7ced83e91e5b6f" kindref="member">tab</ref>[j][i]=<ref refid="camada__dados_8h_1aba91601f16d4c485b2d9b8c429f27039a007278eb3827d19891b47cdd3ac8846d" kindref="member">PRETA</ref>;</highlight></codeline>
<codeline lineno="127"><highlight class="normal"><sp/><sp/><sp/><sp/><sp/><sp/><sp/><sp/><sp/><sp/><sp/><sp/></highlight><highlight class="keywordflow">else</highlight><highlight class="normal"><sp/></highlight><highlight class="keywordflow">if</highlight><highlight class="normal"><sp/>(a==</highlight><highlight class="charliteral">&apos;*&apos;</highlight><highlight class="normal">)<sp/>e-&gt;<ref refid="structESTADO_1ae03c399b73d7a92d7f7ced83e91e5b6f" kindref="member">tab</ref>[j][i]=<ref refid="camada__dados_8h_1aba91601f16d4c485b2d9b8c429f27039ad24485fddec75419fd4a0cc9edda0ca5" kindref="member">BRANCA</ref>;</highlight></codeline>
<codeline lineno="128"><highlight class="normal"><sp/><sp/><sp/><sp/><sp/><sp/><sp/><sp/><sp/><sp/><sp/><sp/></highlight><highlight class="keywordflow">else</highlight><highlight class="normal"><sp/></highlight><highlight class="keywordflow">if</highlight><highlight class="normal"><sp/>(a==</highlight><highlight class="charliteral">&apos;2&apos;</highlight><highlight class="normal">)<sp/>e-&gt;<ref refid="structESTADO_1ae03c399b73d7a92d7f7ced83e91e5b6f" kindref="member">tab</ref>[j][i]=<ref refid="camada__dados_8h_1aba91601f16d4c485b2d9b8c429f27039a15421bcb42ff42b5d6a8ba24d6ebfb88" kindref="member">JOG2</ref>;</highlight></codeline>
<codeline lineno="129"><highlight class="normal"><sp/><sp/><sp/><sp/><sp/><sp/><sp/><sp/><sp/><sp/><sp/><sp/></highlight><highlight class="keywordflow">else</highlight><highlight class="normal"><sp/></highlight><highlight class="keywordflow">if</highlight><highlight class="normal"><sp/>(a==</highlight><highlight class="charliteral">&apos;1&apos;</highlight><highlight class="normal">)<sp/>e-&gt;<ref refid="structESTADO_1ae03c399b73d7a92d7f7ced83e91e5b6f" kindref="member">tab</ref>[j][i]=<ref refid="camada__dados_8h_1aba91601f16d4c485b2d9b8c429f27039a8ff080ca8f3143a71121a37a8e6596d8" kindref="member">JOG1</ref>;</highlight></codeline>
<codeline lineno="130"><highlight class="normal"><sp/><sp/><sp/><sp/><sp/><sp/><sp/><sp/>}</highlight></codeline>
<codeline lineno="131"><highlight class="normal"><sp/><sp/><sp/><sp/>}</highlight></codeline>
<codeline lineno="132"><highlight class="normal"><sp/><sp/><sp/><sp/><ref refid="auxiliares_8h_1aa0b6c1689e60ac852a73d67e066c1df5" kindref="member">mostrar_tabuleiro</ref>(e);</highlight></codeline>
<codeline lineno="133"><highlight class="normal"><sp/><sp/><sp/><sp/></highlight><highlight class="keywordflow">while</highlight><highlight class="normal">(fgets(buff,<sp/>BUFSIZ,<sp/>fp))<sp/>{</highlight></codeline>
<codeline lineno="134"><highlight class="normal"><sp/><sp/><sp/><sp/><sp/><sp/><sp/><sp/>printf(</highlight><highlight class="stringliteral">&quot;%s&quot;</highlight><highlight class="normal">,<sp/>buff);</highlight></codeline>
<codeline lineno="135"><highlight class="normal"><sp/><sp/><sp/><sp/>}</highlight></codeline>
<codeline lineno="136"><highlight class="normal"><sp/><sp/><sp/><sp/>printf(</highlight><highlight class="stringliteral">&quot;\n&quot;</highlight><highlight class="normal">);</highlight></codeline>
<codeline lineno="137"><highlight class="normal"><sp/><sp/><sp/><sp/>fclose(fp);</highlight></codeline>
<codeline lineno="138"><highlight class="normal"><sp/><sp/><sp/><sp/></highlight><highlight class="keywordflow">return</highlight><highlight class="normal"><sp/>e;</highlight></codeline>
<codeline lineno="139"><highlight class="normal">}</highlight></codeline>
<codeline lineno="140"><highlight class="normal"></highlight></codeline>
<codeline lineno="141"><highlight class="normal"></highlight><highlight class="keywordtype">int</highlight><highlight class="normal"><sp/><ref refid="auxiliares_8h_1a0f002a3e1122d65b85d09213886f26fe" kindref="member">gravar</ref>(<ref refid="structESTADO" kindref="compound">ESTADO</ref><sp/>*e,<sp/></highlight><highlight class="keywordtype">char</highlight><highlight class="normal"><sp/>fich[],<sp/></highlight><highlight class="keywordtype">int</highlight><highlight class="normal"><sp/>turno){</highlight></codeline>
<codeline lineno="142"><highlight class="normal"><sp/><sp/><sp/><sp/>FILE<sp/>*fp;</highlight></codeline>
<codeline lineno="143"><highlight class="normal"><sp/><sp/><sp/><sp/>fp=fopen(fich,<sp/></highlight><highlight class="stringliteral">&quot;w+&quot;</highlight><highlight class="normal">);</highlight></codeline>
<codeline lineno="144"><highlight class="normal"><sp/><sp/><sp/><sp/></highlight><highlight class="keywordflow">for</highlight><highlight class="normal"><sp/>(</highlight><highlight class="keywordtype">int</highlight><highlight class="normal"><sp/>j=0;<sp/>j&lt;8;<sp/>j++){</highlight></codeline>
<codeline lineno="145"><highlight class="normal"><sp/><sp/><sp/><sp/><sp/><sp/><sp/><sp/></highlight><highlight class="keywordflow">for</highlight><highlight class="normal"><sp/>(</highlight><highlight class="keywordtype">int</highlight><highlight class="normal"><sp/>i=0;<sp/>i&lt;8;<sp/>i++){</highlight></codeline>
<codeline lineno="146"><highlight class="normal"><sp/><sp/><sp/><sp/><sp/><sp/><sp/><sp/><sp/><sp/><sp/><sp/></highlight><highlight class="keywordflow">if</highlight><highlight class="normal"><sp/>(e-&gt;<ref refid="structESTADO_1ae03c399b73d7a92d7f7ced83e91e5b6f" kindref="member">tab</ref>[j][i]==<ref refid="camada__dados_8h_1aba91601f16d4c485b2d9b8c429f27039ad24485fddec75419fd4a0cc9edda0ca5" kindref="member">BRANCA</ref>)<sp/>fprintf<sp/>(fp,<sp/></highlight><highlight class="stringliteral">&quot;*&quot;</highlight><highlight class="normal">);</highlight></codeline>
<codeline lineno="147"><highlight class="normal"><sp/><sp/><sp/><sp/><sp/><sp/><sp/><sp/><sp/><sp/><sp/><sp/></highlight><highlight class="keywordflow">else</highlight><highlight class="normal"><sp/></highlight><highlight class="keywordflow">if</highlight><highlight class="normal"><sp/>(e-&gt;<ref refid="structESTADO_1ae03c399b73d7a92d7f7ced83e91e5b6f" kindref="member">tab</ref>[j][i]==<ref refid="camada__dados_8h_1aba91601f16d4c485b2d9b8c429f27039a007278eb3827d19891b47cdd3ac8846d" kindref="member">PRETA</ref>)<sp/>fprintf<sp/>(fp,<sp/></highlight><highlight class="stringliteral">&quot;#&quot;</highlight><highlight class="normal">);</highlight></codeline>
<codeline lineno="148"><highlight class="normal"><sp/><sp/><sp/><sp/><sp/><sp/><sp/><sp/><sp/><sp/><sp/><sp/></highlight><highlight class="keywordflow">else</highlight><highlight class="normal"><sp/></highlight><highlight class="keywordflow">if</highlight><highlight class="normal"><sp/>(e-&gt;<ref refid="structESTADO_1ae03c399b73d7a92d7f7ced83e91e5b6f" kindref="member">tab</ref>[j][i]==<ref refid="camada__dados_8h_1aba91601f16d4c485b2d9b8c429f27039abc711f491a56ec7af7a688be508c5113" kindref="member">VAZIO</ref>)<sp/>fprintf<sp/>(fp,<sp/></highlight><highlight class="stringliteral">&quot;.&quot;</highlight><highlight class="normal">);</highlight></codeline>
<codeline lineno="149"><highlight class="normal"><sp/><sp/><sp/><sp/><sp/><sp/><sp/><sp/><sp/><sp/><sp/><sp/></highlight><highlight class="keywordflow">else</highlight><highlight class="normal"><sp/></highlight><highlight class="keywordflow">if</highlight><highlight class="normal"><sp/>(e-&gt;<ref refid="structESTADO_1ae03c399b73d7a92d7f7ced83e91e5b6f" kindref="member">tab</ref>[j][i]==<ref refid="camada__dados_8h_1aba91601f16d4c485b2d9b8c429f27039a8ff080ca8f3143a71121a37a8e6596d8" kindref="member">JOG1</ref>)fprintf<sp/>(fp,<sp/></highlight><highlight class="stringliteral">&quot;1&quot;</highlight><highlight class="normal">);</highlight></codeline>
<codeline lineno="150"><highlight class="normal"><sp/><sp/><sp/><sp/><sp/><sp/><sp/><sp/><sp/><sp/><sp/><sp/></highlight><highlight class="keywordflow">else</highlight><highlight class="normal"><sp/></highlight><highlight class="keywordflow">if</highlight><highlight class="normal"><sp/>(e-&gt;<ref refid="structESTADO_1ae03c399b73d7a92d7f7ced83e91e5b6f" kindref="member">tab</ref>[j][i]==<ref refid="camada__dados_8h_1aba91601f16d4c485b2d9b8c429f27039a15421bcb42ff42b5d6a8ba24d6ebfb88" kindref="member">JOG2</ref>)<sp/>fprintf<sp/>(fp,<sp/></highlight><highlight class="stringliteral">&quot;2&quot;</highlight><highlight class="normal">);</highlight></codeline>
<codeline lineno="151"><highlight class="normal"><sp/><sp/><sp/><sp/><sp/><sp/><sp/><sp/>}</highlight></codeline>
<codeline lineno="152"><highlight class="normal"><sp/><sp/><sp/><sp/><sp/><sp/><sp/><sp/>fprintf<sp/>(fp,<sp/></highlight><highlight class="stringliteral">&quot;\n&quot;</highlight><highlight class="normal">);</highlight></codeline>
<codeline lineno="153"><highlight class="normal"><sp/><sp/><sp/><sp/>}</highlight></codeline>
<codeline lineno="154"><highlight class="normal"><sp/><sp/><sp/><sp/>fprintf(fp,<sp/></highlight><highlight class="stringliteral">&quot;\n&quot;</highlight><highlight class="normal">);</highlight></codeline>
<codeline lineno="155"><highlight class="normal"><sp/><sp/><sp/><sp/></highlight><highlight class="keywordtype">char</highlight><highlight class="normal"><sp/>c1,<sp/>c2;</highlight></codeline>
<codeline lineno="156"><highlight class="normal"><sp/><sp/><sp/><sp/></highlight><highlight class="keywordtype">int</highlight><highlight class="normal"><sp/>l1,<sp/>l2,<sp/>conta=<ref refid="camada__interface_8h_1a70bfbeadc5be12c9cb3110cba47c2694" kindref="member">num</ref>(e);</highlight></codeline>
<codeline lineno="157"><highlight class="normal"><sp/><sp/><sp/><sp/></highlight><highlight class="keywordflow">for</highlight><highlight class="normal"><sp/>(</highlight><highlight class="keywordtype">int</highlight><highlight class="normal"><sp/>i<sp/>=<sp/>0,<sp/>n=0;<sp/>i<sp/>&lt;<sp/>turno<sp/>&amp;&amp;<sp/>n&lt;conta;<sp/>i++,<sp/>n+=2)<sp/>{</highlight></codeline>
<codeline lineno="158"><highlight class="normal"><sp/><sp/><sp/><sp/><sp/><sp/><sp/><sp/>c1<sp/>=<sp/>e-&gt;<ref refid="structESTADO_1afae43b87a488fad0f2b56a18bad31d18" kindref="member">jogadas</ref>[i].jogador1.coluna<sp/>+<sp/></highlight><highlight class="charliteral">&apos;a&apos;</highlight><highlight class="normal">;</highlight></codeline>
<codeline lineno="159"><highlight class="normal"><sp/><sp/><sp/><sp/><sp/><sp/><sp/><sp/>l1<sp/>=<sp/>-(e-&gt;<ref refid="structESTADO_1afae43b87a488fad0f2b56a18bad31d18" kindref="member">jogadas</ref>[i].jogador1.linha)<sp/>+<sp/>8;</highlight></codeline>
<codeline lineno="160"><highlight class="normal"><sp/><sp/><sp/><sp/><sp/><sp/><sp/><sp/>c2<sp/>=<sp/>e-&gt;<ref refid="structESTADO_1afae43b87a488fad0f2b56a18bad31d18" kindref="member">jogadas</ref>[i].jogador2.coluna<sp/>+<sp/></highlight><highlight class="charliteral">&apos;a&apos;</highlight><highlight class="normal">;</highlight></codeline>
<codeline lineno="161"><highlight class="normal"><sp/><sp/><sp/><sp/><sp/><sp/><sp/><sp/>l2<sp/>=<sp/>-(e-&gt;<ref refid="structESTADO_1afae43b87a488fad0f2b56a18bad31d18" kindref="member">jogadas</ref>[i].jogador2.linha)<sp/>+<sp/>8;</highlight></codeline>
<codeline lineno="162"><highlight class="normal"><sp/><sp/><sp/><sp/><sp/><sp/><sp/><sp/></highlight><highlight class="keywordflow">if</highlight><highlight class="normal"><sp/>(i==turno-1<sp/>&amp;&amp;<sp/>conta%2!=0)<sp/>fprintf(fp,</highlight><highlight class="stringliteral">&quot;%d<sp/>:<sp/>%c%d\n&quot;</highlight><highlight class="normal">,<sp/>i+1,<sp/>c1,<sp/>l1);</highlight></codeline>
<codeline lineno="163"><highlight class="normal"><sp/><sp/><sp/><sp/><sp/><sp/><sp/><sp/></highlight><highlight class="keywordflow">else</highlight><highlight class="normal"><sp/>fprintf(fp,</highlight><highlight class="stringliteral">&quot;%d<sp/>:<sp/>%c%d<sp/>%c%d\n&quot;</highlight><highlight class="normal">,<sp/>i+1,<sp/>c1,<sp/>l1,<sp/>c2,<sp/>l2);</highlight></codeline>
<codeline lineno="164"><highlight class="normal"><sp/><sp/><sp/><sp/>}</highlight></codeline>
<codeline lineno="165"><highlight class="normal"><sp/><sp/><sp/><sp/>fclose(fp);</highlight></codeline>
<codeline lineno="166"><highlight class="normal"><sp/><sp/><sp/><sp/></highlight><highlight class="keywordflow">return</highlight><highlight class="normal"><sp/>0;</highlight></codeline>
<codeline lineno="167"><highlight class="normal">}</highlight></codeline>
<codeline lineno="168"><highlight class="normal"></highlight></codeline>
<codeline lineno="169"><highlight class="normal"><ref refid="structESTADO" kindref="compound">ESTADO</ref><sp/>*<ref refid="auxiliares_8h_1a7e0c7e26fb685d9ab501e19b05e6954f" kindref="member">inicializar_estado</ref>(){</highlight></codeline>
<codeline lineno="170"><highlight class="normal"><sp/><sp/><sp/><sp/><ref refid="structESTADO" kindref="compound">ESTADO</ref><sp/>*e<sp/>=<sp/>(<ref refid="structESTADO" kindref="compound">ESTADO</ref><sp/>*)<sp/>malloc(</highlight><highlight class="keyword">sizeof</highlight><highlight class="normal">(<ref refid="structESTADO" kindref="compound">ESTADO</ref>));</highlight></codeline>
<codeline lineno="171"><highlight class="normal"><sp/><sp/><sp/><sp/>e-&gt;<ref refid="structESTADO_1a5dd28e2e68b7aef2b6b7ea88e02eff58" kindref="member">jogador_atual</ref><sp/>=<sp/>1;</highlight></codeline>
<codeline lineno="172"><highlight class="normal"><sp/><sp/><sp/><sp/>e-&gt;<ref refid="structESTADO_1a261495728744647e618b4e623f5a4b7a" kindref="member">num_jogadas</ref><sp/>=<sp/>0;</highlight></codeline>
<codeline lineno="173"><highlight class="normal"><sp/><sp/><sp/><sp/></highlight><highlight class="keywordflow">for</highlight><highlight class="normal"><sp/>(</highlight><highlight class="keywordtype">int</highlight><highlight class="normal"><sp/>j=0;<sp/>j&lt;8;<sp/>j++){</highlight></codeline>
<codeline lineno="174"><highlight class="normal"><sp/><sp/><sp/><sp/><sp/><sp/><sp/><sp/></highlight><highlight class="keywordflow">for</highlight><highlight class="normal"><sp/>(</highlight><highlight class="keywordtype">int</highlight><highlight class="normal"><sp/>i<sp/>=<sp/>0;<sp/>i&lt;8;<sp/>i++)</highlight></codeline>
<codeline lineno="175"><highlight class="normal"><sp/><sp/><sp/><sp/><sp/><sp/><sp/><sp/>{</highlight></codeline>
<codeline lineno="176"><highlight class="normal"><sp/><sp/><sp/><sp/><sp/><sp/><sp/><sp/><sp/><sp/><sp/><sp/></highlight><highlight class="keywordflow">if</highlight><highlight class="normal"><sp/>(j==3<sp/>&amp;&amp;<sp/>i==4)<sp/>e-&gt;<ref refid="structESTADO_1ae03c399b73d7a92d7f7ced83e91e5b6f" kindref="member">tab</ref>[j][i]=<ref refid="camada__dados_8h_1aba91601f16d4c485b2d9b8c429f27039ad24485fddec75419fd4a0cc9edda0ca5" kindref="member">BRANCA</ref>;</highlight></codeline>
<codeline lineno="177"><highlight class="normal"><sp/><sp/><sp/><sp/><sp/><sp/><sp/><sp/><sp/><sp/><sp/><sp/></highlight><highlight class="keywordflow">else</highlight><highlight class="normal"><sp/></highlight><highlight class="keywordflow">if</highlight><highlight class="normal"><sp/>(j==7<sp/>&amp;&amp;<sp/>i==0)<sp/>e-&gt;<ref refid="structESTADO_1ae03c399b73d7a92d7f7ced83e91e5b6f" kindref="member">tab</ref>[j][i]=<ref refid="camada__dados_8h_1aba91601f16d4c485b2d9b8c429f27039a8ff080ca8f3143a71121a37a8e6596d8" kindref="member">JOG1</ref>;</highlight></codeline>
<codeline lineno="178"><highlight class="normal"><sp/><sp/><sp/><sp/><sp/><sp/><sp/><sp/><sp/><sp/><sp/><sp/></highlight><highlight class="keywordflow">else</highlight><highlight class="normal"><sp/></highlight><highlight class="keywordflow">if</highlight><highlight class="normal"><sp/>(j==0<sp/>&amp;&amp;<sp/>i==7)<sp/>e-&gt;<ref refid="structESTADO_1ae03c399b73d7a92d7f7ced83e91e5b6f" kindref="member">tab</ref>[j][i]=<ref refid="camada__dados_8h_1aba91601f16d4c485b2d9b8c429f27039a15421bcb42ff42b5d6a8ba24d6ebfb88" kindref="member">JOG2</ref>;</highlight></codeline>
<codeline lineno="179"><highlight class="normal"><sp/><sp/><sp/><sp/><sp/><sp/><sp/><sp/><sp/><sp/><sp/><sp/></highlight><highlight class="keywordflow">else</highlight><highlight class="normal"><sp/>e-&gt;<ref refid="structESTADO_1ae03c399b73d7a92d7f7ced83e91e5b6f" kindref="member">tab</ref>[j][i]=<ref refid="camada__dados_8h_1aba91601f16d4c485b2d9b8c429f27039abc711f491a56ec7af7a688be508c5113" kindref="member">VAZIO</ref>;</highlight></codeline>
<codeline lineno="180"><highlight class="normal"><sp/><sp/><sp/><sp/><sp/><sp/><sp/><sp/>}</highlight></codeline>
<codeline lineno="181"><highlight class="normal"><sp/><sp/><sp/><sp/>}</highlight></codeline>
<codeline lineno="182"><highlight class="normal"><sp/><sp/><sp/><sp/><ref refid="auxiliares_8h_1aa0b6c1689e60ac852a73d67e066c1df5" kindref="member">mostrar_tabuleiro</ref><sp/>(e);</highlight></codeline>
<codeline lineno="183"><highlight class="normal"><sp/><sp/><sp/><sp/></highlight><highlight class="keywordflow">return</highlight><highlight class="normal"><sp/>e;</highlight></codeline>
<codeline lineno="184"><highlight class="normal">}</highlight></codeline>
    </programlisting>
    <location file="auxiliares.c"/>
  </compounddef>
</doxygen>
