<?xml version='1.0' encoding='UTF-8' standalone='no'?>
<doxygen xmlns:xsi="http://www.w3.org/2001/XMLSchema-instance" xsi:noNamespaceSchemaLocation="compound.xsd" version="1.8.13">
  <compounddef id="auxiliares_8h" kind="file" language="C++">
    <compoundname>auxiliares.h</compoundname>
    <includedby refid="auxiliares_8c" local="yes">auxiliares.c</includedby>
    <innerclass refid="structCOORDENADA" prot="public">COORDENADA</innerclass>
    <innerclass refid="structJOGADA" prot="public">JOGADA</innerclass>
    <innerclass refid="structESTADO" prot="public">ESTADO</innerclass>
    <innerclass refid="structnodo" prot="public">nodo</innerclass>
      <sectiondef kind="enum">
      <memberdef kind="enum" id="auxiliares_8h_1aba91601f16d4c485b2d9b8c429f27039" prot="public" static="no">
        <name>CASA</name>
        <enumvalue id="auxiliares_8h_1aba91601f16d4c485b2d9b8c429f27039abc711f491a56ec7af7a688be508c5113" prot="public">
          <name>VAZIO</name>
          <briefdescription>
          </briefdescription>
          <detaileddescription>
          </detaileddescription>
        </enumvalue>
        <enumvalue id="auxiliares_8h_1aba91601f16d4c485b2d9b8c429f27039ad24485fddec75419fd4a0cc9edda0ca5" prot="public">
          <name>BRANCA</name>
          <briefdescription>
          </briefdescription>
          <detaileddescription>
          </detaileddescription>
        </enumvalue>
        <enumvalue id="auxiliares_8h_1aba91601f16d4c485b2d9b8c429f27039a007278eb3827d19891b47cdd3ac8846d" prot="public">
          <name>PRETA</name>
          <briefdescription>
          </briefdescription>
          <detaileddescription>
          </detaileddescription>
        </enumvalue>
        <enumvalue id="auxiliares_8h_1aba91601f16d4c485b2d9b8c429f27039a8ff080ca8f3143a71121a37a8e6596d8" prot="public">
          <name>JOG1</name>
          <briefdescription>
          </briefdescription>
          <detaileddescription>
          </detaileddescription>
        </enumvalue>
        <enumvalue id="auxiliares_8h_1aba91601f16d4c485b2d9b8c429f27039a15421bcb42ff42b5d6a8ba24d6ebfb88" prot="public">
          <name>JOG2</name>
          <briefdescription>
          </briefdescription>
          <detaileddescription>
          </detaileddescription>
        </enumvalue>
        <enumvalue id="bot_8h_1aba91601f16d4c485b2d9b8c429f27039abc711f491a56ec7af7a688be508c5113" prot="public">
          <name>VAZIO</name>
          <briefdescription>
          </briefdescription>
          <detaileddescription>
          </detaileddescription>
        </enumvalue>
        <enumvalue id="bot_8h_1aba91601f16d4c485b2d9b8c429f27039ad24485fddec75419fd4a0cc9edda0ca5" prot="public">
          <name>BRANCA</name>
          <briefdescription>
          </briefdescription>
          <detaileddescription>
          </detaileddescription>
        </enumvalue>
        <enumvalue id="bot_8h_1aba91601f16d4c485b2d9b8c429f27039a007278eb3827d19891b47cdd3ac8846d" prot="public">
          <name>PRETA</name>
          <briefdescription>
          </briefdescription>
          <detaileddescription>
          </detaileddescription>
        </enumvalue>
        <enumvalue id="bot_8h_1aba91601f16d4c485b2d9b8c429f27039a8ff080ca8f3143a71121a37a8e6596d8" prot="public">
          <name>JOG1</name>
          <briefdescription>
          </briefdescription>
          <detaileddescription>
          </detaileddescription>
        </enumvalue>
        <enumvalue id="bot_8h_1aba91601f16d4c485b2d9b8c429f27039a15421bcb42ff42b5d6a8ba24d6ebfb88" prot="public">
          <name>JOG2</name>
          <briefdescription>
          </briefdescription>
          <detaileddescription>
          </detaileddescription>
        </enumvalue>
        <enumvalue id="camada__dados_8h_1aba91601f16d4c485b2d9b8c429f27039abc711f491a56ec7af7a688be508c5113" prot="public">
          <name>VAZIO</name>
          <briefdescription>
          </briefdescription>
          <detaileddescription>
<para>(.) no tabuleiro </para>          </detaileddescription>
        </enumvalue>
        <enumvalue id="camada__dados_8h_1aba91601f16d4c485b2d9b8c429f27039ad24485fddec75419fd4a0cc9edda0ca5" prot="public">
          <name>BRANCA</name>
          <briefdescription>
          </briefdescription>
          <detaileddescription>
<para>(*) no tabuleiro </para>          </detaileddescription>
        </enumvalue>
        <enumvalue id="camada__dados_8h_1aba91601f16d4c485b2d9b8c429f27039a007278eb3827d19891b47cdd3ac8846d" prot="public">
          <name>PRETA</name>
          <briefdescription>
          </briefdescription>
          <detaileddescription>
<para>(#) no tabuleiro </para>          </detaileddescription>
        </enumvalue>
        <enumvalue id="camada__dados_8h_1aba91601f16d4c485b2d9b8c429f27039a8ff080ca8f3143a71121a37a8e6596d8" prot="public">
          <name>JOG1</name>
          <briefdescription>
          </briefdescription>
          <detaileddescription>
<para>(1) no tabuleiro </para>          </detaileddescription>
        </enumvalue>
        <enumvalue id="camada__dados_8h_1aba91601f16d4c485b2d9b8c429f27039a15421bcb42ff42b5d6a8ba24d6ebfb88" prot="public">
          <name>JOG2</name>
          <briefdescription>
          </briefdescription>
          <detaileddescription>
<para>(2) no tabuleiro </para>          </detaileddescription>
        </enumvalue>
        <briefdescription>
        </briefdescription>
        <detaileddescription>
        </detaileddescription>
        <inbodydescription>
        </inbodydescription>
        <location file="auxiliares.h" line="10" column="1" bodyfile="auxiliares.h" bodystart="10" bodyend="16"/>
      </memberdef>
      </sectiondef>
      <sectiondef kind="typedef">
      <memberdef kind="typedef" id="auxiliares_8h_1a94c221d29a1760f008b7834093259b7d" prot="public" static="no">
        <type><ref refid="structJOGADA" kindref="compound">JOGADA</ref></type>
        <definition>typedef JOGADA JOGADAS[32]</definition>
        <argsstring>[32]</argsstring>
        <name>JOGADAS</name>
        <briefdescription>
<para>Tipo de dados para as jogadas. </para>        </briefdescription>
        <detaileddescription>
        </detaileddescription>
        <inbodydescription>
        </inbodydescription>
        <location file="auxiliares.h" line="37" column="1" bodyfile="auxiliares.h" bodystart="37" bodyend="-1"/>
      </memberdef>
      <memberdef kind="typedef" id="auxiliares_8h_1a5a5447a03bcb835183312f000a1d12bc" prot="public" static="no">
        <type>struct <ref refid="structnodo" kindref="compound">nodo</ref> *</type>
        <definition>typedef struct nodo* LISTA</definition>
        <argsstring></argsstring>
        <name>LISTA</name>
        <briefdescription>
<para>Tipo de dados para as listas ligadas. </para>        </briefdescription>
        <detaileddescription>
        </detaileddescription>
        <inbodydescription>
        </inbodydescription>
        <location file="auxiliares.h" line="56" column="1" bodyfile="auxiliares.h" bodystart="56" bodyend="-1"/>
      </memberdef>
      <memberdef kind="typedef" id="auxiliares_8h_1ac83cdfd19a10fa3718a0707a58732ee1" prot="public" static="no">
        <type>struct <ref refid="structnodo" kindref="compound">nodo</ref></type>
        <definition>typedef struct nodo  Nodo</definition>
        <argsstring></argsstring>
        <name>Nodo</name>
        <briefdescription>
        </briefdescription>
        <detaileddescription>
        </detaileddescription>
        <inbodydescription>
        </inbodydescription>
        <location file="auxiliares.h" line="60" column="1"/>
      </memberdef>
      </sectiondef>
      <sectiondef kind="func">
      <memberdef kind="function" id="auxiliares_8h_1ae3b99323b6f8f35d80bb69ff1a27985e" prot="public" static="no" const="no" explicit="no" inline="no" virt="non-virtual">
        <type><ref refid="auxiliares_8h_1a5a5447a03bcb835183312f000a1d12bc" kindref="member">LISTA</ref></type>
        <definition>LISTA criar_lista</definition>
        <argsstring>()</argsstring>
        <name>criar_lista</name>
        <briefdescription>
<para>Função que cria uma lista vazia. </para>        </briefdescription>
        <detaileddescription>
<para><simplesect kind="return"><para>Lista vazia </para></simplesect>
</para>        </detaileddescription>
        <inbodydescription>
        </inbodydescription>
        <location file="auxiliares.h" line="66" column="1" bodyfile="auxiliares.c" bodystart="8" bodyend="13"/>
      </memberdef>
      <memberdef kind="function" id="auxiliares_8h_1a37ba5fc3cfddb6bc94d4b54b00bc696e" prot="public" static="no" const="no" explicit="no" inline="no" virt="non-virtual">
        <type><ref refid="auxiliares_8h_1a5a5447a03bcb835183312f000a1d12bc" kindref="member">LISTA</ref></type>
        <definition>LISTA insere_cabeca</definition>
        <argsstring>(LISTA L, void *valor)</argsstring>
        <name>insere_cabeca</name>
        <param>
          <type><ref refid="auxiliares_8h_1a5a5447a03bcb835183312f000a1d12bc" kindref="member">LISTA</ref></type>
          <declname>L</declname>
        </param>
        <param>
          <type>void *</type>
          <declname>valor</declname>
        </param>
        <briefdescription>
<para>Função que insere um valor na cabeça da lista. </para>        </briefdescription>
        <detaileddescription>
<para><simplesect kind="return"><para>Nova lista </para></simplesect>
</para>        </detaileddescription>
        <inbodydescription>
        </inbodydescription>
        <location file="auxiliares.h" line="72" column="1" bodyfile="auxiliares.c" bodystart="15" bodyend="20"/>
      </memberdef>
      <memberdef kind="function" id="auxiliares_8h_1abfcb205f3eb670157be0d1221021714b" prot="public" static="no" const="no" explicit="no" inline="no" virt="non-virtual">
        <type>void *</type>
        <definition>void* devolve_cabeca</definition>
        <argsstring>(LISTA L)</argsstring>
        <name>devolve_cabeca</name>
        <param>
          <type><ref refid="auxiliares_8h_1a5a5447a03bcb835183312f000a1d12bc" kindref="member">LISTA</ref></type>
          <declname>L</declname>
        </param>
        <briefdescription>
<para>Função que devolve a cabeça da lista. </para>        </briefdescription>
        <detaileddescription>
<para><simplesect kind="return"><para>Lista vazia </para></simplesect>
</para>        </detaileddescription>
        <inbodydescription>
        </inbodydescription>
        <location file="auxiliares.h" line="78" column="1" bodyfile="auxiliares.c" bodystart="22" bodyend="27"/>
      </memberdef>
      <memberdef kind="function" id="auxiliares_8h_1ad9380152361127432c55c1c6067e05ae" prot="public" static="no" const="no" explicit="no" inline="no" virt="non-virtual">
        <type><ref refid="auxiliares_8h_1a5a5447a03bcb835183312f000a1d12bc" kindref="member">LISTA</ref></type>
        <definition>LISTA proximo</definition>
        <argsstring>(LISTA L)</argsstring>
        <name>proximo</name>
        <param>
          <type><ref refid="auxiliares_8h_1a5a5447a03bcb835183312f000a1d12bc" kindref="member">LISTA</ref></type>
          <declname>L</declname>
        </param>
        <briefdescription>
<para>Função que devolve a cauda da lista. </para>        </briefdescription>
        <detaileddescription>
        </detaileddescription>
        <inbodydescription>
        </inbodydescription>
        <location file="auxiliares.h" line="83" column="1" bodyfile="auxiliares.c" bodystart="29" bodyend="34"/>
      </memberdef>
      <memberdef kind="function" id="auxiliares_8h_1a7efad7ce8f98e281be10a2e537de68cb" prot="public" static="no" const="no" explicit="no" inline="no" virt="non-virtual">
        <type><ref refid="structCOORDENADA" kindref="compound">COORDENADA</ref></type>
        <definition>COORDENADA obter_coord_branca</definition>
        <argsstring>(ESTADO *e)</argsstring>
        <name>obter_coord_branca</name>
        <param>
          <type><ref refid="structESTADO" kindref="compound">ESTADO</ref> *</type>
          <declname>e</declname>
        </param>
        <briefdescription>
<para>Função que recebe o estado do jogo e retorna a coordenada da peça branca. </para>        </briefdescription>
        <detaileddescription>
<para><parameterlist kind="param"><parameteritem>
<parameternamelist>
<parametername>e</parametername>
</parameternamelist>
<parameterdescription>
<para>Apontador para o estado </para></parameterdescription>
</parameteritem>
</parameterlist>
<simplesect kind="return"><para>A coordenada da peça branca </para></simplesect>
</para>        </detaileddescription>
        <inbodydescription>
        </inbodydescription>
        <location file="auxiliares.h" line="90" column="1" bodyfile="auxiliares.c" bodystart="36" bodyend="49"/>
      </memberdef>
      <memberdef kind="function" id="auxiliares_8h_1a5679b2ed29ad7be4b942dd7ce0562a4e" prot="public" static="no" const="no" explicit="no" inline="no" virt="non-virtual">
        <type>int</type>
        <definition>int encurralada</definition>
        <argsstring>(ESTADO *e)</argsstring>
        <name>encurralada</name>
        <param>
          <type><ref refid="structESTADO" kindref="compound">ESTADO</ref> *</type>
          <declname>e</declname>
        </param>
        <briefdescription>
<para>Função que recebe o estado e verifica se o jogador não tem mais hipóteses de jogadas retornando 1 caso se verifica. </para>        </briefdescription>
        <detaileddescription>
<para><parameterlist kind="param"><parameteritem>
<parameternamelist>
<parametername>e</parametername>
</parameternamelist>
<parameterdescription>
<para>Apontador para o estado </para></parameterdescription>
</parameteritem>
</parameterlist>
<simplesect kind="return"><para>Retorna 1 caso o jogador não tenha mais hipóteses de jogadas e 0 caso contrário </para></simplesect>
</para>        </detaileddescription>
        <inbodydescription>
        </inbodydescription>
        <location file="auxiliares.h" line="97" column="1" bodyfile="camada_logica.c" bodystart="46" bodyend="51"/>
      </memberdef>
      <memberdef kind="function" id="auxiliares_8h_1a0b947e7c09ac1c526a7d2cc4a35db3fa" prot="public" static="no" const="no" explicit="no" inline="no" virt="non-virtual">
        <type><ref refid="structESTADO" kindref="compound">ESTADO</ref> *</type>
        <definition>ESTADO* ler</definition>
        <argsstring>(ESTADO *e, char fich[])</argsstring>
        <name>ler</name>
        <param>
          <type><ref refid="structESTADO" kindref="compound">ESTADO</ref> *</type>
          <declname>e</declname>
        </param>
        <param>
          <type>char</type>
          <declname>fich</declname>
          <array>[]</array>
        </param>
        <briefdescription>
<para>Função que lê um ficheiro com um tabuleiro previamnete gravado. </para>        </briefdescription>
        <detaileddescription>
<para><parameterlist kind="param"><parameteritem>
<parameternamelist>
<parametername>e</parametername>
</parameternamelist>
<parameterdescription>
<para>Apontador para o estado </para></parameterdescription>
</parameteritem>
<parameteritem>
<parameternamelist>
<parametername>fich[]</parametername>
</parameternamelist>
<parameterdescription>
<para>Nome do ficheiro inserido pelo utilizador no terminal </para></parameterdescription>
</parameteritem>
</parameterlist>
</para>        </detaileddescription>
        <inbodydescription>
        </inbodydescription>
        <location file="auxiliares.h" line="104" column="1" bodyfile="auxiliares.c" bodystart="115" bodyend="139"/>
      </memberdef>
      <memberdef kind="function" id="auxiliares_8h_1a43134a0efdc6f282be9a7f83997e8fc9" prot="public" static="no" const="no" explicit="no" inline="no" virt="non-virtual">
        <type>double</type>
        <definition>double dist</definition>
        <argsstring>(int x, int y, int z, int w)</argsstring>
        <name>dist</name>
        <param>
          <type>int</type>
          <declname>x</declname>
        </param>
        <param>
          <type>int</type>
          <declname>y</declname>
        </param>
        <param>
          <type>int</type>
          <declname>z</declname>
        </param>
        <param>
          <type>int</type>
          <declname>w</declname>
        </param>
        <briefdescription>
<para>Função que calacula a distancia entre 2 coordenadas. </para>        </briefdescription>
        <detaileddescription>
        </detaileddescription>
        <inbodydescription>
        </inbodydescription>
        <location file="auxiliares.h" line="109" column="1" bodyfile="auxiliares.c" bodystart="53" bodyend="56"/>
      </memberdef>
      <memberdef kind="function" id="auxiliares_8h_1a1aea03240fe093e7eef97e0412298e7b" prot="public" static="no" const="no" explicit="no" inline="no" virt="non-virtual">
        <type><ref refid="auxiliares_8h_1a5a5447a03bcb835183312f000a1d12bc" kindref="member">LISTA</ref></type>
        <definition>LISTA jogadas_possiveis</definition>
        <argsstring>(ESTADO *e, LISTA l)</argsstring>
        <name>jogadas_possiveis</name>
        <param>
          <type><ref refid="structESTADO" kindref="compound">ESTADO</ref> *</type>
          <declname>e</declname>
        </param>
        <param>
          <type><ref refid="auxiliares_8h_1a5a5447a03bcb835183312f000a1d12bc" kindref="member">LISTA</ref></type>
          <declname>l</declname>
        </param>
        <briefdescription>
<para>Função que devolve uma lista com as jogadas possiveis. </para>        </briefdescription>
        <detaileddescription>
<para><parameterlist kind="param"><parameteritem>
<parameternamelist>
<parametername>e</parametername>
</parameternamelist>
<parameterdescription>
<para>Apontador para o estado </para></parameterdescription>
</parameteritem>
<parameteritem>
<parameternamelist>
<parametername>l</parametername>
</parameternamelist>
<parameterdescription>
<para>Lista de jogadas possiveis </para></parameterdescription>
</parameteritem>
</parameterlist>
</para>        </detaileddescription>
        <inbodydescription>
        </inbodydescription>
        <location file="auxiliares.h" line="116" column="1" bodyfile="auxiliares.c" bodystart="75" bodyend="89"/>
      </memberdef>
      <memberdef kind="function" id="auxiliares_8h_1a91008dcf7eed26e9f8986c527dd7b2d3" prot="public" static="no" const="no" explicit="no" inline="no" virt="non-virtual">
        <type>char *</type>
        <definition>char* to_string</definition>
        <argsstring>(int x, int y)</argsstring>
        <name>to_string</name>
        <param>
          <type>int</type>
          <declname>x</declname>
        </param>
        <param>
          <type>int</type>
          <declname>y</declname>
        </param>
        <briefdescription>
<para>Função que tranforma 2 inteiros numa string. </para>        </briefdescription>
        <detaileddescription>
        </detaileddescription>
        <inbodydescription>
        </inbodydescription>
        <location file="auxiliares.h" line="121" column="1" bodyfile="auxiliares.c" bodystart="67" bodyend="72"/>
      </memberdef>
      <memberdef kind="function" id="auxiliares_8h_1a5bf23e2e67f5cc232d1281ad8d3589ff" prot="public" static="no" const="no" explicit="no" inline="no" virt="non-virtual">
        <type><ref refid="structCOORDENADA" kindref="compound">COORDENADA</ref></type>
        <definition>COORDENADA to_int</definition>
        <argsstring>(char v[])</argsstring>
        <name>to_int</name>
        <param>
          <type>char</type>
          <declname>v</declname>
          <array>[]</array>
        </param>
        <briefdescription>
<para>Função que tranforma uma string em coordenadas. </para>        </briefdescription>
        <detaileddescription>
        </detaileddescription>
        <inbodydescription>
        </inbodydescription>
        <location file="auxiliares.h" line="126" column="1" bodyfile="auxiliares.c" bodystart="58" bodyend="64"/>
      </memberdef>
      <memberdef kind="function" id="auxiliares_8h_1a7e0c7e26fb685d9ab501e19b05e6954f" prot="public" static="no" const="no" explicit="no" inline="no" virt="non-virtual">
        <type><ref refid="structESTADO" kindref="compound">ESTADO</ref> *</type>
        <definition>ESTADO* inicializar_estado</definition>
        <argsstring>()</argsstring>
        <name>inicializar_estado</name>
        <briefdescription>
<para>Inicializa o valor do estado Esta função inicializa o valor do estado. Isso implica a peça branca ser colocada na posição inicial e todos os campos do estado estarem com o valor por omissão. </para>        </briefdescription>
        <detaileddescription>
<para><simplesect kind="return"><para>O novo estado </para></simplesect>
</para>        </detaileddescription>
        <inbodydescription>
        </inbodydescription>
        <location file="auxiliares.h" line="133" column="1" bodyfile="auxiliares.c" bodystart="169" bodyend="184"/>
      </memberdef>
      <memberdef kind="function" id="auxiliares_8h_1a0f002a3e1122d65b85d09213886f26fe" prot="public" static="no" const="no" explicit="no" inline="no" virt="non-virtual">
        <type>int</type>
        <definition>int gravar</definition>
        <argsstring>(ESTADO *e, char fich[], int turno)</argsstring>
        <name>gravar</name>
        <param>
          <type><ref refid="structESTADO" kindref="compound">ESTADO</ref> *</type>
          <declname>e</declname>
        </param>
        <param>
          <type>char</type>
          <declname>fich</declname>
          <array>[]</array>
        </param>
        <param>
          <type>int</type>
          <declname>turno</declname>
        </param>
        <briefdescription>
<para>Função que recebe e o estado e grava o tabuleiro num ficheiro .txt. </para>        </briefdescription>
        <detaileddescription>
<para><parameterlist kind="param"><parameteritem>
<parameternamelist>
<parametername>e</parametername>
</parameternamelist>
<parameterdescription>
<para>Apontador para o estado </para></parameterdescription>
</parameteritem>
<parameteritem>
<parameternamelist>
<parametername>fich[]</parametername>
</parameternamelist>
<parameterdescription>
<para>Nome do ficheiro inserido pelo utilizador no terminal </para></parameterdescription>
</parameteritem>
<parameteritem>
<parameternamelist>
<parametername>turno</parametername>
</parameternamelist>
<parameterdescription>
<para>O turno do jogador </para></parameterdescription>
</parameteritem>
</parameterlist>
</para>        </detaileddescription>
        <inbodydescription>
        </inbodydescription>
        <location file="auxiliares.h" line="141" column="1" bodyfile="auxiliares.c" bodystart="141" bodyend="167"/>
      </memberdef>
      <memberdef kind="function" id="auxiliares_8h_1aa0b6c1689e60ac852a73d67e066c1df5" prot="public" static="no" const="no" explicit="no" inline="no" virt="non-virtual">
        <type>void</type>
        <definition>void mostrar_tabuleiro</definition>
        <argsstring>(ESTADO *e)</argsstring>
        <name>mostrar_tabuleiro</name>
        <param>
          <type><ref refid="structESTADO" kindref="compound">ESTADO</ref> *</type>
          <declname>e</declname>
        </param>
        <briefdescription>
<para>Função que recebe o estado do jogo e imprime o tabuleiro. </para>        </briefdescription>
        <detaileddescription>
<para><parameterlist kind="param"><parameteritem>
<parameternamelist>
<parametername>e</parametername>
</parameternamelist>
<parameterdescription>
<para>Apontador para o estado </para></parameterdescription>
</parameteritem>
</parameterlist>
<simplesect kind="return"><para>O tabuleiro </para></simplesect>
</para>        </detaileddescription>
        <inbodydescription>
        </inbodydescription>
        <location file="auxiliares.h" line="148" column="1" bodyfile="auxiliares.c" bodystart="92" bodyend="108"/>
      </memberdef>
      </sectiondef>
    <briefdescription>
    </briefdescription>
    <detaileddescription>
<para><ref refid="auxiliares_8h" kindref="compound">auxiliares.h</ref> </para>    </detaileddescription>
    <programlisting>
<codeline lineno="1"></codeline>
<codeline lineno="6"><highlight class="preprocessor">#ifndef<sp/>BOT_AUXILIARES_H</highlight><highlight class="normal"></highlight></codeline>
<codeline lineno="7"><highlight class="normal"></highlight><highlight class="preprocessor">#define<sp/>BOT_AUXILIARES_H</highlight><highlight class="normal"></highlight></codeline>
<codeline lineno="8"><highlight class="normal"></highlight></codeline>
<codeline lineno="9"><highlight class="normal"></highlight></codeline>
<codeline lineno="10" refid="auxiliares_8h_1aba91601f16d4c485b2d9b8c429f27039" refkind="member"><highlight class="normal"></highlight><highlight class="keyword">typedef</highlight><highlight class="normal"><sp/></highlight><highlight class="keyword">enum</highlight><highlight class="normal"><sp/>{</highlight></codeline>
<codeline lineno="11"><highlight class="normal"><sp/><sp/><sp/><sp/><sp/><sp/><sp/><sp/><sp/><sp/><sp/><sp/><ref refid="camada__dados_8h_1aba91601f16d4c485b2d9b8c429f27039abc711f491a56ec7af7a688be508c5113" kindref="member">VAZIO</ref>,</highlight></codeline>
<codeline lineno="12"><highlight class="normal"><sp/><sp/><sp/><sp/><sp/><sp/><sp/><sp/><sp/><sp/><sp/><sp/><ref refid="camada__dados_8h_1aba91601f16d4c485b2d9b8c429f27039ad24485fddec75419fd4a0cc9edda0ca5" kindref="member">BRANCA</ref>,</highlight></codeline>
<codeline lineno="13"><highlight class="normal"><sp/><sp/><sp/><sp/><sp/><sp/><sp/><sp/><sp/><sp/><sp/><sp/><ref refid="camada__dados_8h_1aba91601f16d4c485b2d9b8c429f27039a007278eb3827d19891b47cdd3ac8846d" kindref="member">PRETA</ref>,</highlight></codeline>
<codeline lineno="14"><highlight class="normal"><sp/><sp/><sp/><sp/><sp/><sp/><sp/><sp/><sp/><sp/><sp/><sp/><ref refid="camada__dados_8h_1aba91601f16d4c485b2d9b8c429f27039a8ff080ca8f3143a71121a37a8e6596d8" kindref="member">JOG1</ref>,</highlight></codeline>
<codeline lineno="15"><highlight class="normal"><sp/><sp/><sp/><sp/><sp/><sp/><sp/><sp/><sp/><sp/><sp/><sp/><ref refid="camada__dados_8h_1aba91601f16d4c485b2d9b8c429f27039a15421bcb42ff42b5d6a8ba24d6ebfb88" kindref="member">JOG2</ref>,</highlight></codeline>
<codeline lineno="16"><highlight class="normal">}<sp/><ref refid="auxiliares_8h_1aba91601f16d4c485b2d9b8c429f27039" kindref="member">CASA</ref>;</highlight></codeline>
<codeline lineno="17"><highlight class="normal"></highlight></codeline>
<codeline lineno="21" refid="structCOORDENADA" refkind="compound"><highlight class="keyword">typedef</highlight><highlight class="normal"><sp/></highlight><highlight class="keyword">struct<sp/></highlight><highlight class="normal">{</highlight></codeline>
<codeline lineno="22"><highlight class="normal"><sp/><sp/><sp/><sp/></highlight><highlight class="keywordtype">int</highlight><highlight class="normal"><sp/>coluna;</highlight></codeline>
<codeline lineno="23"><highlight class="normal"><sp/><sp/><sp/><sp/></highlight><highlight class="keywordtype">int</highlight><highlight class="normal"><sp/>linha;</highlight></codeline>
<codeline lineno="24"><highlight class="normal">}<sp/><ref refid="structCOORDENADA" kindref="compound">COORDENADA</ref>;</highlight></codeline>
<codeline lineno="25"><highlight class="normal"></highlight></codeline>
<codeline lineno="29" refid="structJOGADA" refkind="compound"><highlight class="keyword">typedef</highlight><highlight class="normal"><sp/></highlight><highlight class="keyword">struct<sp/></highlight><highlight class="normal">{</highlight></codeline>
<codeline lineno="30"><highlight class="normal"><sp/><sp/><sp/><sp/><ref refid="structCOORDENADA" kindref="compound">COORDENADA</ref><sp/>jogador1;</highlight></codeline>
<codeline lineno="31"><highlight class="normal"><sp/><sp/><sp/><sp/><ref refid="structCOORDENADA" kindref="compound">COORDENADA</ref><sp/>jogador2;</highlight></codeline>
<codeline lineno="32"><highlight class="normal">}<sp/><ref refid="structJOGADA" kindref="compound">JOGADA</ref>;</highlight></codeline>
<codeline lineno="33"><highlight class="normal"></highlight></codeline>
<codeline lineno="37" refid="auxiliares_8h_1a94c221d29a1760f008b7834093259b7d" refkind="member"><highlight class="keyword">typedef</highlight><highlight class="normal"><sp/><ref refid="structJOGADA" kindref="compound">JOGADA</ref><sp/><ref refid="auxiliares_8h_1a94c221d29a1760f008b7834093259b7d" kindref="member">JOGADAS</ref>[32];</highlight></codeline>
<codeline lineno="38"><highlight class="normal"></highlight></codeline>
<codeline lineno="42" refid="structESTADO" refkind="compound"><highlight class="keyword">typedef</highlight><highlight class="normal"><sp/></highlight><highlight class="keyword">struct<sp/></highlight><highlight class="normal">{</highlight></codeline>
<codeline lineno="44" refid="structESTADO_1ae03c399b73d7a92d7f7ced83e91e5b6f" refkind="member"><highlight class="normal"><sp/><sp/><sp/><sp/><ref refid="auxiliares_8h_1aba91601f16d4c485b2d9b8c429f27039" kindref="member">CASA</ref><sp/>tab[8][8];</highlight></codeline>
<codeline lineno="46" refid="structESTADO_1afae43b87a488fad0f2b56a18bad31d18" refkind="member"><highlight class="normal"><sp/><sp/><sp/><sp/><ref refid="auxiliares_8h_1a94c221d29a1760f008b7834093259b7d" kindref="member">JOGADAS</ref><sp/><ref refid="structESTADO_1afae43b87a488fad0f2b56a18bad31d18" kindref="member">jogadas</ref>;</highlight></codeline>
<codeline lineno="48" refid="structESTADO_1a261495728744647e618b4e623f5a4b7a" refkind="member"><highlight class="normal"><sp/><sp/><sp/><sp/></highlight><highlight class="keywordtype">int</highlight><highlight class="normal"><sp/><ref refid="structESTADO_1a261495728744647e618b4e623f5a4b7a" kindref="member">num_jogadas</ref>;</highlight></codeline>
<codeline lineno="50" refid="structESTADO_1a5dd28e2e68b7aef2b6b7ea88e02eff58" refkind="member"><highlight class="normal"><sp/><sp/><sp/><sp/></highlight><highlight class="keywordtype">int</highlight><highlight class="normal"><sp/><ref refid="structESTADO_1a5dd28e2e68b7aef2b6b7ea88e02eff58" kindref="member">jogador_atual</ref>;</highlight></codeline>
<codeline lineno="51"><highlight class="normal">}<sp/><ref refid="structESTADO" kindref="compound">ESTADO</ref>;</highlight></codeline>
<codeline lineno="52"><highlight class="normal"></highlight></codeline>
<codeline lineno="56" refid="auxiliares_8h_1a5a5447a03bcb835183312f000a1d12bc" refkind="member"><highlight class="keyword">typedef</highlight><highlight class="normal"><sp/></highlight><highlight class="keyword">struct<sp/></highlight><highlight class="normal"><ref refid="structnodo" kindref="compound">nodo</ref><sp/>*<ref refid="auxiliares_8h_1a5a5447a03bcb835183312f000a1d12bc" kindref="member">LISTA</ref>;</highlight></codeline>
<codeline lineno="57" refid="structnodo" refkind="compound"><highlight class="normal"></highlight><highlight class="keyword">typedef</highlight><highlight class="normal"><sp/></highlight><highlight class="keyword">struct<sp/></highlight><highlight class="normal"><ref refid="structnodo" kindref="compound">nodo</ref><sp/>{</highlight></codeline>
<codeline lineno="58"><highlight class="normal"><sp/><sp/><sp/><sp/></highlight><highlight class="keywordtype">void</highlight><highlight class="normal"><sp/>*valor;</highlight></codeline>
<codeline lineno="59"><highlight class="normal"><sp/><sp/><sp/><sp/>LISTA<sp/>prox;</highlight></codeline>
<codeline lineno="60"><highlight class="normal">}<sp/><ref refid="structnodo" kindref="compound">Nodo</ref>;</highlight></codeline>
<codeline lineno="61"><highlight class="normal"></highlight></codeline>
<codeline lineno="66"><highlight class="normal">LISTA<sp/><ref refid="auxiliares_8h_1ae3b99323b6f8f35d80bb69ff1a27985e" kindref="member">criar_lista</ref>();</highlight></codeline>
<codeline lineno="67"><highlight class="normal"></highlight></codeline>
<codeline lineno="72"><highlight class="normal">LISTA<sp/><ref refid="auxiliares_8h_1a37ba5fc3cfddb6bc94d4b54b00bc696e" kindref="member">insere_cabeca</ref>(LISTA<sp/>L,<sp/></highlight><highlight class="keywordtype">void</highlight><highlight class="normal"><sp/>*valor);</highlight></codeline>
<codeline lineno="73"><highlight class="normal"></highlight></codeline>
<codeline lineno="78"><highlight class="keywordtype">void</highlight><highlight class="normal"><sp/>*<ref refid="auxiliares_8h_1abfcb205f3eb670157be0d1221021714b" kindref="member">devolve_cabeca</ref>(LISTA<sp/>L);</highlight></codeline>
<codeline lineno="79"><highlight class="normal"></highlight></codeline>
<codeline lineno="83"><highlight class="normal">LISTA<sp/><ref refid="auxiliares_8h_1ad9380152361127432c55c1c6067e05ae" kindref="member">proximo</ref>(LISTA<sp/>L);</highlight></codeline>
<codeline lineno="84"><highlight class="normal"></highlight></codeline>
<codeline lineno="90"><highlight class="normal"><ref refid="structCOORDENADA" kindref="compound">COORDENADA</ref><sp/><ref refid="auxiliares_8h_1a7efad7ce8f98e281be10a2e537de68cb" kindref="member">obter_coord_branca</ref>(<ref refid="structESTADO" kindref="compound">ESTADO</ref><sp/>*e);</highlight></codeline>
<codeline lineno="91"><highlight class="normal"></highlight></codeline>
<codeline lineno="97"><highlight class="keywordtype">int</highlight><highlight class="normal"><sp/><ref refid="auxiliares_8h_1a5679b2ed29ad7be4b942dd7ce0562a4e" kindref="member">encurralada</ref><sp/>(<ref refid="structESTADO" kindref="compound">ESTADO</ref><sp/>*e);</highlight></codeline>
<codeline lineno="98"><highlight class="normal"></highlight></codeline>
<codeline lineno="104"><highlight class="normal"><ref refid="structESTADO" kindref="compound">ESTADO</ref>*<sp/><ref refid="auxiliares_8h_1a0b947e7c09ac1c526a7d2cc4a35db3fa" kindref="member">ler</ref>(<ref refid="structESTADO" kindref="compound">ESTADO</ref><sp/>*e,<sp/></highlight><highlight class="keywordtype">char</highlight><highlight class="normal"><sp/>fich[]);</highlight></codeline>
<codeline lineno="105"><highlight class="normal"></highlight></codeline>
<codeline lineno="109"><highlight class="keywordtype">double</highlight><highlight class="normal"><sp/><ref refid="auxiliares_8h_1a43134a0efdc6f282be9a7f83997e8fc9" kindref="member">dist</ref><sp/>(</highlight><highlight class="keywordtype">int</highlight><highlight class="normal"><sp/>x,<sp/></highlight><highlight class="keywordtype">int</highlight><highlight class="normal"><sp/>y,<sp/></highlight><highlight class="keywordtype">int</highlight><highlight class="normal"><sp/>z,<sp/></highlight><highlight class="keywordtype">int</highlight><highlight class="normal"><sp/>w);</highlight></codeline>
<codeline lineno="110"><highlight class="normal"></highlight></codeline>
<codeline lineno="116"><highlight class="normal">LISTA<sp/><ref refid="auxiliares_8h_1a1aea03240fe093e7eef97e0412298e7b" kindref="member">jogadas_possiveis</ref>(<ref refid="structESTADO" kindref="compound">ESTADO</ref><sp/>*e,<sp/>LISTA<sp/>l);</highlight></codeline>
<codeline lineno="117"><highlight class="normal"></highlight></codeline>
<codeline lineno="121"><highlight class="keywordtype">char</highlight><highlight class="normal">*<sp/><ref refid="auxiliares_8h_1a91008dcf7eed26e9f8986c527dd7b2d3" kindref="member">to_string</ref>(</highlight><highlight class="keywordtype">int</highlight><highlight class="normal"><sp/>x,<sp/></highlight><highlight class="keywordtype">int</highlight><highlight class="normal"><sp/>y);</highlight></codeline>
<codeline lineno="122"><highlight class="normal"></highlight></codeline>
<codeline lineno="126"><highlight class="normal"><ref refid="structCOORDENADA" kindref="compound">COORDENADA</ref><sp/><ref refid="auxiliares_8h_1a5bf23e2e67f5cc232d1281ad8d3589ff" kindref="member">to_int</ref>(</highlight><highlight class="keywordtype">char</highlight><highlight class="normal"><sp/>v[]);</highlight></codeline>
<codeline lineno="127"><highlight class="normal"></highlight></codeline>
<codeline lineno="133"><highlight class="normal"><ref refid="structESTADO" kindref="compound">ESTADO</ref><sp/>*<ref refid="auxiliares_8h_1a7e0c7e26fb685d9ab501e19b05e6954f" kindref="member">inicializar_estado</ref>();</highlight></codeline>
<codeline lineno="134"><highlight class="normal"></highlight></codeline>
<codeline lineno="141"><highlight class="keywordtype">int</highlight><highlight class="normal"><sp/><ref refid="auxiliares_8h_1a0f002a3e1122d65b85d09213886f26fe" kindref="member">gravar</ref>(<ref refid="structESTADO" kindref="compound">ESTADO</ref><sp/>*e,<sp/></highlight><highlight class="keywordtype">char</highlight><highlight class="normal"><sp/>fich[],<sp/></highlight><highlight class="keywordtype">int</highlight><highlight class="normal"><sp/>turno);</highlight></codeline>
<codeline lineno="142"><highlight class="normal"></highlight></codeline>
<codeline lineno="148"><highlight class="keywordtype">void</highlight><highlight class="normal"><sp/><ref refid="auxiliares_8h_1aa0b6c1689e60ac852a73d67e066c1df5" kindref="member">mostrar_tabuleiro</ref>(<ref refid="structESTADO" kindref="compound">ESTADO</ref><sp/>*e);</highlight></codeline>
<codeline lineno="149"><highlight class="normal"></highlight></codeline>
<codeline lineno="150"><highlight class="normal"></highlight></codeline>
<codeline lineno="151"><highlight class="normal"></highlight><highlight class="preprocessor">#endif<sp/>//BOT_AUXILIARES_H</highlight></codeline>
    </programlisting>
    <location file="auxiliares.h"/>
  </compounddef>
</doxygen>
