<?xml version='1.0' encoding='UTF-8' standalone='no'?>
<doxygen xmlns:xsi="http://www.w3.org/2001/XMLSchema-instance" xsi:noNamespaceSchemaLocation="compound.xsd" version="1.8.13">
  <compounddef id="camada__dados_8h" kind="file" language="C++">
    <compoundname>camada_dados.h</compoundname>
    <includes local="no">stdio.h</includes>
    <includes local="no">stdlib.h</includes>
    <includes local="no">string.h</includes>
    <includedby refid="camada__dados_8c" local="yes">camada_dados.c</includedby>
    <includedby refid="camada__interface_8h" local="yes">camada_interface.h</includedby>
    <includedby refid="listas_8h" local="yes">listas.h</includedby>
    <includedby refid="camada__interface_8c" local="yes">camada_interface.c</includedby>
    <includedby refid="camada__logica_8c" local="yes">camada_logica.c</includedby>
    <includedby refid="main_8c" local="yes">main.c</includedby>
    <incdepgraph>
      <node id="36">
        <label>stdlib.h</label>
      </node>
      <node id="37">
        <label>string.h</label>
      </node>
      <node id="34">
        <label>camada_dados.h</label>
        <link refid="camada__dados_8h"/>
        <childnode refid="35" relation="include">
        </childnode>
        <childnode refid="36" relation="include">
        </childnode>
        <childnode refid="37" relation="include">
        </childnode>
      </node>
      <node id="35">
        <label>stdio.h</label>
      </node>
    </incdepgraph>
    <invincdepgraph>
      <node id="39">
        <label>camada_interface.h</label>
        <link refid="camada__interface_8h"/>
      </node>
      <node id="41">
        <label>camada_logica.h</label>
        <link refid="camada__logica_8h"/>
      </node>
      <node id="40">
        <label>listas.h</label>
        <link refid="listas_8h"/>
        <childnode refid="39" relation="include">
        </childnode>
        <childnode refid="41" relation="include">
        </childnode>
      </node>
      <node id="38">
        <label>camada_dados.h</label>
        <link refid="camada__dados_8h"/>
        <childnode refid="39" relation="include">
        </childnode>
        <childnode refid="40" relation="include">
        </childnode>
      </node>
    </invincdepgraph>
    <innerclass refid="structCOORDENADA" prot="public">COORDENADA</innerclass>
    <innerclass refid="structJOGADA" prot="public">JOGADA</innerclass>
    <innerclass refid="structESTADO" prot="public">ESTADO</innerclass>
      <sectiondef kind="define">
      <memberdef kind="define" id="camada__dados_8h_1a6821bafc3c88dfb2e433a095df9940c6" prot="public" static="no">
        <name>BUF_SIZE</name>
        <initializer>1024</initializer>
        <briefdescription>
        </briefdescription>
        <detaileddescription>
        </detaileddescription>
        <inbodydescription>
        </inbodydescription>
        <location file="camada_dados.h" line="14" column="9" bodyfile="camada_dados.h" bodystart="14" bodyend="-1"/>
      </memberdef>
      </sectiondef>
      <sectiondef kind="enum">
      <memberdef kind="enum" id="camada__dados_8h_1aba91601f16d4c485b2d9b8c429f27039" prot="public" static="no">
        <name>CASA</name>
        <enumvalue id="auxiliares_8h_1aba91601f16d4c485b2d9b8c429f27039abc711f491a56ec7af7a688be508c5113" prot="public">
          <name>VAZIO</name>
          <briefdescription>
          </briefdescription>
          <detaileddescription>
          </detaileddescription>
        </enumvalue>
        <enumvalue id="auxiliares_8h_1aba91601f16d4c485b2d9b8c429f27039ad24485fddec75419fd4a0cc9edda0ca5" prot="public">
          <name>BRANCA</name>
          <briefdescription>
          </briefdescription>
          <detaileddescription>
          </detaileddescription>
        </enumvalue>
        <enumvalue id="auxiliares_8h_1aba91601f16d4c485b2d9b8c429f27039a007278eb3827d19891b47cdd3ac8846d" prot="public">
          <name>PRETA</name>
          <briefdescription>
          </briefdescription>
          <detaileddescription>
          </detaileddescription>
        </enumvalue>
        <enumvalue id="auxiliares_8h_1aba91601f16d4c485b2d9b8c429f27039a8ff080ca8f3143a71121a37a8e6596d8" prot="public">
          <name>JOG1</name>
          <briefdescription>
          </briefdescription>
          <detaileddescription>
          </detaileddescription>
        </enumvalue>
        <enumvalue id="auxiliares_8h_1aba91601f16d4c485b2d9b8c429f27039a15421bcb42ff42b5d6a8ba24d6ebfb88" prot="public">
          <name>JOG2</name>
          <briefdescription>
          </briefdescription>
          <detaileddescription>
          </detaileddescription>
        </enumvalue>
        <enumvalue id="bot_8h_1aba91601f16d4c485b2d9b8c429f27039abc711f491a56ec7af7a688be508c5113" prot="public">
          <name>VAZIO</name>
          <briefdescription>
          </briefdescription>
          <detaileddescription>
          </detaileddescription>
        </enumvalue>
        <enumvalue id="bot_8h_1aba91601f16d4c485b2d9b8c429f27039ad24485fddec75419fd4a0cc9edda0ca5" prot="public">
          <name>BRANCA</name>
          <briefdescription>
          </briefdescription>
          <detaileddescription>
          </detaileddescription>
        </enumvalue>
        <enumvalue id="bot_8h_1aba91601f16d4c485b2d9b8c429f27039a007278eb3827d19891b47cdd3ac8846d" prot="public">
          <name>PRETA</name>
          <briefdescription>
          </briefdescription>
          <detaileddescription>
          </detaileddescription>
        </enumvalue>
        <enumvalue id="bot_8h_1aba91601f16d4c485b2d9b8c429f27039a8ff080ca8f3143a71121a37a8e6596d8" prot="public">
          <name>JOG1</name>
          <briefdescription>
          </briefdescription>
          <detaileddescription>
          </detaileddescription>
        </enumvalue>
        <enumvalue id="bot_8h_1aba91601f16d4c485b2d9b8c429f27039a15421bcb42ff42b5d6a8ba24d6ebfb88" prot="public">
          <name>JOG2</name>
          <briefdescription>
          </briefdescription>
          <detaileddescription>
          </detaileddescription>
        </enumvalue>
        <enumvalue id="camada__dados_8h_1aba91601f16d4c485b2d9b8c429f27039abc711f491a56ec7af7a688be508c5113" prot="public">
          <name>VAZIO</name>
          <briefdescription>
          </briefdescription>
          <detaileddescription>
<para>(.) no tabuleiro </para>          </detaileddescription>
        </enumvalue>
        <enumvalue id="camada__dados_8h_1aba91601f16d4c485b2d9b8c429f27039ad24485fddec75419fd4a0cc9edda0ca5" prot="public">
          <name>BRANCA</name>
          <briefdescription>
          </briefdescription>
          <detaileddescription>
<para>(*) no tabuleiro </para>          </detaileddescription>
        </enumvalue>
        <enumvalue id="camada__dados_8h_1aba91601f16d4c485b2d9b8c429f27039a007278eb3827d19891b47cdd3ac8846d" prot="public">
          <name>PRETA</name>
          <briefdescription>
          </briefdescription>
          <detaileddescription>
<para>(#) no tabuleiro </para>          </detaileddescription>
        </enumvalue>
        <enumvalue id="camada__dados_8h_1aba91601f16d4c485b2d9b8c429f27039a8ff080ca8f3143a71121a37a8e6596d8" prot="public">
          <name>JOG1</name>
          <briefdescription>
          </briefdescription>
          <detaileddescription>
<para>(1) no tabuleiro </para>          </detaileddescription>
        </enumvalue>
        <enumvalue id="camada__dados_8h_1aba91601f16d4c485b2d9b8c429f27039a15421bcb42ff42b5d6a8ba24d6ebfb88" prot="public">
          <name>JOG2</name>
          <briefdescription>
          </briefdescription>
          <detaileddescription>
<para>(2) no tabuleiro </para>          </detaileddescription>
        </enumvalue>
        <briefdescription>
<para>Tipo de dados para a casa. </para>        </briefdescription>
        <detaileddescription>
        </detaileddescription>
        <inbodydescription>
        </inbodydescription>
        <location file="camada_dados.h" line="19" column="1" bodyfile="camada_dados.h" bodystart="19" bodyend="30"/>
      </memberdef>
      </sectiondef>
      <sectiondef kind="typedef">
      <memberdef kind="typedef" id="camada__dados_8h_1a94c221d29a1760f008b7834093259b7d" prot="public" static="no">
        <type><ref refid="structJOGADA" kindref="compound">JOGADA</ref></type>
        <definition>typedef JOGADA JOGADAS[32]</definition>
        <argsstring>[32]</argsstring>
        <name>JOGADAS</name>
        <briefdescription>
<para>Tipo de dados para as jogadas. </para>        </briefdescription>
        <detaileddescription>
        </detaileddescription>
        <inbodydescription>
        </inbodydescription>
        <location file="camada_dados.h" line="51" column="1" bodyfile="camada_dados.h" bodystart="51" bodyend="-1"/>
      </memberdef>
      </sectiondef>
      <sectiondef kind="func">
      <memberdef kind="function" id="camada__dados_8h_1a7e0c7e26fb685d9ab501e19b05e6954f" prot="public" static="no" const="no" explicit="no" inline="no" virt="non-virtual">
        <type><ref refid="structESTADO" kindref="compound">ESTADO</ref> *</type>
        <definition>ESTADO* inicializar_estado</definition>
        <argsstring>()</argsstring>
        <name>inicializar_estado</name>
        <briefdescription>
<para>Inicializa o valor do estado Esta função inicializa o valor do estado. Isso implica a peça branca ser colocada na posição inicial e todos os campos do estado estarem com o valor por omissão. </para>        </briefdescription>
        <detaileddescription>
<para><simplesect kind="return"><para>O novo estado </para></simplesect>
</para>        </detaileddescription>
        <inbodydescription>
        </inbodydescription>
        <location file="camada_dados.h" line="72" column="1" bodyfile="auxiliares.c" bodystart="169" bodyend="184"/>
      </memberdef>
      </sectiondef>
    <briefdescription>
    </briefdescription>
    <detaileddescription>
<para><ref refid="camada__dados_8h" kindref="compound">camada_dados.h</ref> Definição do estado e das funções que o manipulam </para>    </detaileddescription>
    <programlisting>
<codeline lineno="1"></codeline>
<codeline lineno="7"><highlight class="preprocessor">#ifndef<sp/>LI2PL8G7_CAMADA_DE_DADOS_H</highlight><highlight class="normal"></highlight></codeline>
<codeline lineno="8"><highlight class="normal"></highlight><highlight class="preprocessor">#define<sp/>LI2PL8G7_CAMADA_DE_DADOS_H</highlight><highlight class="normal"></highlight></codeline>
<codeline lineno="9"><highlight class="normal"></highlight></codeline>
<codeline lineno="10"><highlight class="normal"></highlight><highlight class="preprocessor">#include<sp/>&lt;stdio.h&gt;</highlight><highlight class="normal"></highlight></codeline>
<codeline lineno="11"><highlight class="normal"></highlight><highlight class="preprocessor">#include<sp/>&lt;stdlib.h&gt;</highlight><highlight class="normal"></highlight></codeline>
<codeline lineno="12"><highlight class="normal"></highlight><highlight class="preprocessor">#include<sp/>&lt;string.h&gt;</highlight><highlight class="normal"></highlight></codeline>
<codeline lineno="13"><highlight class="normal"></highlight></codeline>
<codeline lineno="14"><highlight class="normal"></highlight><highlight class="preprocessor">#define<sp/>BUF_SIZE<sp/>1024</highlight><highlight class="normal"></highlight></codeline>
<codeline lineno="15"><highlight class="normal"></highlight></codeline>
<codeline lineno="19" refid="camada__dados_8h_1aba91601f16d4c485b2d9b8c429f27039" refkind="member"><highlight class="keyword">typedef</highlight><highlight class="normal"><sp/></highlight><highlight class="keyword">enum</highlight><highlight class="normal"><sp/>{</highlight></codeline>
<codeline lineno="21" refid="camada__dados_8h_1aba91601f16d4c485b2d9b8c429f27039abc711f491a56ec7af7a688be508c5113" refkind="member"><highlight class="normal"><sp/><sp/><sp/><sp/><sp/><sp/><sp/><sp/><sp/><sp/><sp/><sp/><ref refid="camada__dados_8h_1aba91601f16d4c485b2d9b8c429f27039abc711f491a56ec7af7a688be508c5113" kindref="member">VAZIO</ref>,</highlight></codeline>
<codeline lineno="23" refid="camada__dados_8h_1aba91601f16d4c485b2d9b8c429f27039ad24485fddec75419fd4a0cc9edda0ca5" refkind="member"><highlight class="normal"><sp/><sp/><sp/><sp/><sp/><sp/><sp/><sp/><sp/><sp/><sp/><sp/><ref refid="camada__dados_8h_1aba91601f16d4c485b2d9b8c429f27039ad24485fddec75419fd4a0cc9edda0ca5" kindref="member">BRANCA</ref>,</highlight></codeline>
<codeline lineno="25" refid="camada__dados_8h_1aba91601f16d4c485b2d9b8c429f27039a007278eb3827d19891b47cdd3ac8846d" refkind="member"><highlight class="normal"><sp/><sp/><sp/><sp/><sp/><sp/><sp/><sp/><sp/><sp/><sp/><sp/><ref refid="camada__dados_8h_1aba91601f16d4c485b2d9b8c429f27039a007278eb3827d19891b47cdd3ac8846d" kindref="member">PRETA</ref>,</highlight></codeline>
<codeline lineno="27" refid="camada__dados_8h_1aba91601f16d4c485b2d9b8c429f27039a8ff080ca8f3143a71121a37a8e6596d8" refkind="member"><highlight class="normal"><sp/><sp/><sp/><sp/><sp/><sp/><sp/><sp/><sp/><sp/><sp/><sp/><ref refid="camada__dados_8h_1aba91601f16d4c485b2d9b8c429f27039a8ff080ca8f3143a71121a37a8e6596d8" kindref="member">JOG1</ref>,</highlight></codeline>
<codeline lineno="29" refid="camada__dados_8h_1aba91601f16d4c485b2d9b8c429f27039a15421bcb42ff42b5d6a8ba24d6ebfb88" refkind="member"><highlight class="normal"><sp/><sp/><sp/><sp/><sp/><sp/><sp/><sp/><sp/><sp/><sp/><sp/><ref refid="camada__dados_8h_1aba91601f16d4c485b2d9b8c429f27039a15421bcb42ff42b5d6a8ba24d6ebfb88" kindref="member">JOG2</ref>,</highlight></codeline>
<codeline lineno="30"><highlight class="normal">}<sp/><ref refid="camada__dados_8h_1aba91601f16d4c485b2d9b8c429f27039" kindref="member">CASA</ref>;</highlight></codeline>
<codeline lineno="31"><highlight class="normal"></highlight></codeline>
<codeline lineno="35"><highlight class="keyword">typedef</highlight><highlight class="normal"><sp/></highlight><highlight class="keyword">struct<sp/></highlight><highlight class="normal">{</highlight></codeline>
<codeline lineno="36"><highlight class="normal"><sp/><sp/><sp/><sp/></highlight><highlight class="keywordtype">int</highlight><highlight class="normal"><sp/>coluna;</highlight></codeline>
<codeline lineno="37"><highlight class="normal"><sp/><sp/><sp/><sp/></highlight><highlight class="keywordtype">int</highlight><highlight class="normal"><sp/>linha;</highlight></codeline>
<codeline lineno="38"><highlight class="normal">}<sp/><ref refid="structCOORDENADA" kindref="compound">COORDENADA</ref>;</highlight></codeline>
<codeline lineno="39"><highlight class="normal"></highlight></codeline>
<codeline lineno="43"><highlight class="keyword">typedef</highlight><highlight class="normal"><sp/></highlight><highlight class="keyword">struct<sp/></highlight><highlight class="normal">{</highlight></codeline>
<codeline lineno="44"><highlight class="normal"><sp/><sp/><sp/><sp/><ref refid="structCOORDENADA" kindref="compound">COORDENADA</ref><sp/>jogador1;</highlight></codeline>
<codeline lineno="45"><highlight class="normal"><sp/><sp/><sp/><sp/><ref refid="structCOORDENADA" kindref="compound">COORDENADA</ref><sp/>jogador2;</highlight></codeline>
<codeline lineno="46"><highlight class="normal">}<sp/><ref refid="structJOGADA" kindref="compound">JOGADA</ref>;</highlight></codeline>
<codeline lineno="47"><highlight class="normal"></highlight></codeline>
<codeline lineno="51" refid="camada__dados_8h_1a94c221d29a1760f008b7834093259b7d" refkind="member"><highlight class="keyword">typedef</highlight><highlight class="normal"><sp/><ref refid="structJOGADA" kindref="compound">JOGADA</ref><sp/><ref refid="camada__dados_8h_1a94c221d29a1760f008b7834093259b7d" kindref="member">JOGADAS</ref>[32];</highlight></codeline>
<codeline lineno="52"><highlight class="normal"></highlight></codeline>
<codeline lineno="56"><highlight class="keyword">typedef</highlight><highlight class="normal"><sp/></highlight><highlight class="keyword">struct<sp/></highlight><highlight class="normal">{</highlight></codeline>
<codeline lineno="58"><highlight class="normal"><sp/><sp/><sp/><sp/><ref refid="auxiliares_8h_1aba91601f16d4c485b2d9b8c429f27039" kindref="member">CASA</ref><sp/>tab[8][8];</highlight></codeline>
<codeline lineno="60"><highlight class="normal"><sp/><sp/><sp/><sp/><ref refid="camada__dados_8h_1a94c221d29a1760f008b7834093259b7d" kindref="member">JOGADAS</ref><sp/>jogadas;</highlight></codeline>
<codeline lineno="62"><highlight class="normal"><sp/><sp/><sp/><sp/></highlight><highlight class="keywordtype">int</highlight><highlight class="normal"><sp/>num_jogadas;</highlight></codeline>
<codeline lineno="64"><highlight class="normal"><sp/><sp/><sp/><sp/></highlight><highlight class="keywordtype">int</highlight><highlight class="normal"><sp/>jogador_atual;</highlight></codeline>
<codeline lineno="65"><highlight class="normal">}<sp/><ref refid="structESTADO" kindref="compound">ESTADO</ref>;</highlight></codeline>
<codeline lineno="66"><highlight class="normal"></highlight></codeline>
<codeline lineno="72"><highlight class="normal"><ref refid="structESTADO" kindref="compound">ESTADO</ref><sp/>*<ref refid="camada__dados_8h_1a7e0c7e26fb685d9ab501e19b05e6954f" kindref="member">inicializar_estado</ref>();</highlight></codeline>
<codeline lineno="73"><highlight class="normal"></highlight></codeline>
<codeline lineno="74"><highlight class="normal"></highlight><highlight class="preprocessor">#endif<sp/>//LI2PL8G7_CAMADA_DE_DADOS_H</highlight></codeline>
    </programlisting>
    <location file="camada_dados.h"/>
  </compounddef>
</doxygen>
