<?xml version='1.0' encoding='UTF-8' standalone='no'?>
<doxygen xmlns:xsi="http://www.w3.org/2001/XMLSchema-instance" xsi:noNamespaceSchemaLocation="compound.xsd" version="1.8.13">
  <compounddef id="camada__logica_8h" kind="file" language="C++">
    <compoundname>camada_logica.h</compoundname>
    <includes refid="listas_8h" local="yes">listas.h</includes>
    <includedby refid="camada__interface_8c" local="yes">camada_interface.c</includedby>
    <includedby refid="camada__logica_8c" local="yes">camada_logica.c</includedby>
    <includedby refid="main_8c" local="yes">main.c</includedby>
    <incdepgraph>
      <node id="75">
        <label>stdlib.h</label>
      </node>
      <node id="71">
        <label>camada_logica.h</label>
        <link refid="camada__logica_8h"/>
        <childnode refid="72" relation="include">
        </childnode>
      </node>
      <node id="76">
        <label>string.h</label>
      </node>
      <node id="72">
        <label>listas.h</label>
        <link refid="listas_8h"/>
        <childnode refid="73" relation="include">
        </childnode>
      </node>
      <node id="73">
        <label>camada_dados.h</label>
        <link refid="camada__dados_8h"/>
        <childnode refid="74" relation="include">
        </childnode>
        <childnode refid="75" relation="include">
        </childnode>
        <childnode refid="76" relation="include">
        </childnode>
      </node>
      <node id="74">
        <label>stdio.h</label>
      </node>
    </incdepgraph>
      <sectiondef kind="func">
      <memberdef kind="function" id="camada__logica_8h_1aa3041511653989dbd8a4fa4d747deb4e" prot="public" static="no" const="no" explicit="no" inline="no" virt="non-virtual">
        <type>void</type>
        <definition>void peca_branca</definition>
        <argsstring>(ESTADO *e, COORDENADA c)</argsstring>
        <name>peca_branca</name>
        <param>
          <type><ref refid="structESTADO" kindref="compound">ESTADO</ref> *</type>
          <declname>e</declname>
        </param>
        <param>
          <type><ref refid="structCOORDENADA" kindref="compound">COORDENADA</ref></type>
          <declname>c</declname>
        </param>
        <briefdescription>
<para>Função que recebe o estado e uma coordenada e muda o tipo da casa dessa coordenada para branca. </para>        </briefdescription>
        <detaileddescription>
<para><parameterlist kind="param"><parameteritem>
<parameternamelist>
<parametername>e</parametername>
</parameternamelist>
<parameterdescription>
<para>Apontador para o estado </para></parameterdescription>
</parameteritem>
<parameteritem>
<parameternamelist>
<parametername>c</parametername>
</parameternamelist>
<parameterdescription>
<para>A coordenada </para></parameterdescription>
</parameteritem>
</parameterlist>
</para>        </detaileddescription>
        <inbodydescription>
        </inbodydescription>
        <location file="camada_logica.h" line="17" column="1" bodyfile="camada_logica.c" bodystart="10" bodyend="12"/>
      </memberdef>
      <memberdef kind="function" id="camada__logica_8h_1a88aed9dbea2e3e60f92d45f1741b5b11" prot="public" static="no" const="no" explicit="no" inline="no" virt="non-virtual">
        <type>void</type>
        <definition>void peca_preta</definition>
        <argsstring>(ESTADO *e, COORDENADA c)</argsstring>
        <name>peca_preta</name>
        <param>
          <type><ref refid="structESTADO" kindref="compound">ESTADO</ref> *</type>
          <declname>e</declname>
        </param>
        <param>
          <type><ref refid="structCOORDENADA" kindref="compound">COORDENADA</ref></type>
          <declname>c</declname>
        </param>
        <briefdescription>
<para>Função que recebe o estado e uma coordenada e muda o tipo da casa dessa coordenada para preta. </para>        </briefdescription>
        <detaileddescription>
<para><parameterlist kind="param"><parameteritem>
<parameternamelist>
<parametername>e</parametername>
</parameternamelist>
<parameterdescription>
<para>Apontador para o estado </para></parameterdescription>
</parameteritem>
<parameteritem>
<parameternamelist>
<parametername>c</parametername>
</parameternamelist>
<parameterdescription>
<para>A coordenada </para></parameterdescription>
</parameteritem>
</parameterlist>
</para>        </detaileddescription>
        <inbodydescription>
        </inbodydescription>
        <location file="camada_logica.h" line="24" column="1" bodyfile="camada_logica.c" bodystart="14" bodyend="16"/>
      </memberdef>
      <memberdef kind="function" id="camada__logica_8h_1ada40878b15d13766c1bc39a643bca062" prot="public" static="no" const="no" explicit="no" inline="no" virt="non-virtual">
        <type>int</type>
        <definition>int posicao_valida</definition>
        <argsstring>(ESTADO *e, COORDENADA c)</argsstring>
        <name>posicao_valida</name>
        <param>
          <type><ref refid="structESTADO" kindref="compound">ESTADO</ref> *</type>
          <declname>e</declname>
        </param>
        <param>
          <type><ref refid="structCOORDENADA" kindref="compound">COORDENADA</ref></type>
          <declname>c</declname>
        </param>
        <briefdescription>
<para>Função que recebe o estado do jogo e a coordenada para o qual o jogador pretende mover a peça branca e verifica se a coordenada para a qual pretende jogar é válida. </para>        </briefdescription>
        <detaileddescription>
<para><parameterlist kind="param"><parameteritem>
<parameternamelist>
<parametername>e</parametername>
</parameternamelist>
<parameterdescription>
<para>Apontador para o estado </para></parameterdescription>
</parameteritem>
<parameteritem>
<parameternamelist>
<parametername>c</parametername>
</parameternamelist>
<parameterdescription>
<para>A coordenada </para></parameterdescription>
</parameteritem>
</parameterlist>
<simplesect kind="return"><para>Retorna 1 caso a posição para a qual o jogador quer jogar é valida e 0 caso contrário </para></simplesect>
</para>        </detaileddescription>
        <inbodydescription>
        </inbodydescription>
        <location file="camada_logica.h" line="32" column="1" bodyfile="camada_logica.c" bodystart="23" bodyend="29"/>
      </memberdef>
      <memberdef kind="function" id="camada__logica_8h_1a7efad7ce8f98e281be10a2e537de68cb" prot="public" static="no" const="no" explicit="no" inline="no" virt="non-virtual">
        <type><ref refid="structCOORDENADA" kindref="compound">COORDENADA</ref></type>
        <definition>COORDENADA obter_coord_branca</definition>
        <argsstring>(ESTADO *e)</argsstring>
        <name>obter_coord_branca</name>
        <param>
          <type><ref refid="structESTADO" kindref="compound">ESTADO</ref> *</type>
          <declname>e</declname>
        </param>
        <briefdescription>
<para>Função que recebe o estado do jogo e retorna a coordenada da peça branca. </para>        </briefdescription>
        <detaileddescription>
<para><parameterlist kind="param"><parameteritem>
<parameternamelist>
<parametername>e</parametername>
</parameternamelist>
<parameterdescription>
<para>Apontador para o estado </para></parameterdescription>
</parameteritem>
</parameterlist>
<simplesect kind="return"><para>A coordenada da peça branca </para></simplesect>
</para>        </detaileddescription>
        <inbodydescription>
        </inbodydescription>
        <location file="camada_logica.h" line="39" column="1" bodyfile="auxiliares.c" bodystart="36" bodyend="49"/>
      </memberdef>
      <memberdef kind="function" id="camada__logica_8h_1a5679b2ed29ad7be4b942dd7ce0562a4e" prot="public" static="no" const="no" explicit="no" inline="no" virt="non-virtual">
        <type>int</type>
        <definition>int encurralada</definition>
        <argsstring>(ESTADO *e)</argsstring>
        <name>encurralada</name>
        <param>
          <type><ref refid="structESTADO" kindref="compound">ESTADO</ref> *</type>
          <declname>e</declname>
        </param>
        <briefdescription>
<para>Função que recebe o estado e verifica se o jogador não tem mais hipóteses de jogadas retornando 1 caso se verifica. </para>        </briefdescription>
        <detaileddescription>
<para><parameterlist kind="param"><parameteritem>
<parameternamelist>
<parametername>e</parametername>
</parameternamelist>
<parameterdescription>
<para>Apontador para o estado </para></parameterdescription>
</parameteritem>
</parameterlist>
<simplesect kind="return"><para>Retorna 1 caso o jogador não tenha mais hipóteses de jogadas e 0 caso contrário </para></simplesect>
</para>        </detaileddescription>
        <inbodydescription>
        </inbodydescription>
        <location file="camada_logica.h" line="46" column="1" bodyfile="camada_logica.c" bodystart="46" bodyend="51"/>
      </memberdef>
      <memberdef kind="function" id="camada__logica_8h_1a46dad883a01f5f7b06944a3bbe317b84" prot="public" static="no" const="no" explicit="no" inline="no" virt="non-virtual">
        <type>int</type>
        <definition>int deteta_fim</definition>
        <argsstring>(ESTADO *e)</argsstring>
        <name>deteta_fim</name>
        <param>
          <type><ref refid="structESTADO" kindref="compound">ESTADO</ref> *</type>
          <declname>e</declname>
        </param>
        <briefdescription>
<para>Função que recebe e o estado e retorna 1 caso o jogo tenha acabado e 0 caso ainda não tenha acabado. </para>        </briefdescription>
        <detaileddescription>
<para><parameterlist kind="param"><parameteritem>
<parameternamelist>
<parametername>e</parametername>
</parameternamelist>
<parameterdescription>
<para>Apontador para o estado </para></parameterdescription>
</parameteritem>
</parameterlist>
<simplesect kind="return"><para>Retorna 1 caso o jogo tenha acabado e 0 caso contrário </para></simplesect>
</para>        </detaileddescription>
        <inbodydescription>
        </inbodydescription>
        <location file="camada_logica.h" line="53" column="1" bodyfile="camada_logica.c" bodystart="54" bodyend="58"/>
      </memberdef>
      <memberdef kind="function" id="camada__logica_8h_1a650916d9bd6f0648c54af321cd1ab655" prot="public" static="no" const="no" explicit="no" inline="no" virt="non-virtual">
        <type>int</type>
        <definition>int acabou</definition>
        <argsstring>(ESTADO *e, COORDENADA c)</argsstring>
        <name>acabou</name>
        <param>
          <type><ref refid="structESTADO" kindref="compound">ESTADO</ref> *</type>
          <declname>e</declname>
        </param>
        <param>
          <type><ref refid="structCOORDENADA" kindref="compound">COORDENADA</ref></type>
          <declname>c</declname>
        </param>
        <briefdescription>
<para>Função que verifica se a peça branca chega a uma das casas que ditam o fim do jogo, caso retorne 1, o jogador um ganhou o jogo, caso retorne 2 o jogador dois ganhou o jogo, caso retorne 0 o jogo ainda não acabou. </para>        </briefdescription>
        <detaileddescription>
<para><parameterlist kind="param"><parameteritem>
<parameternamelist>
<parametername>e</parametername>
</parameternamelist>
<parameterdescription>
<para>Apontador para o estado </para></parameterdescription>
</parameteritem>
<parameteritem>
<parameternamelist>
<parametername>c</parametername>
</parameternamelist>
<parameterdescription>
<para>A coordenada </para></parameterdescription>
</parameteritem>
</parameterlist>
<simplesect kind="return"><para>Retorna 1 caso a peça branca se encontre na casa onde ganha o jogador 1, retorna 2 caso a peça branca se encontre na casa onde ganha o jogador 2 e 0 caso contrário </para></simplesect>
</para>        </detaileddescription>
        <inbodydescription>
        </inbodydescription>
        <location file="camada_logica.h" line="61" column="1" bodyfile="camada_logica.c" bodystart="60" bodyend="64"/>
      </memberdef>
      <memberdef kind="function" id="camada__logica_8h_1ac313d7e553b1e2b5f266acb9bfff8141" prot="public" static="no" const="no" explicit="no" inline="no" virt="non-virtual">
        <type>int</type>
        <definition>int jogar</definition>
        <argsstring>(ESTADO *e, COORDENADA c)</argsstring>
        <name>jogar</name>
        <param>
          <type><ref refid="structESTADO" kindref="compound">ESTADO</ref> *</type>
          <declname>e</declname>
        </param>
        <param>
          <type><ref refid="structCOORDENADA" kindref="compound">COORDENADA</ref></type>
          <declname>c</declname>
        </param>
        <briefdescription>
<para>Função que recebe o estado do jogo e a coordenada para o qual será movida a peça branca e coloca na coordenada anterior da peça branca uma peça preta e efetua a jogada que o jogador pretende. </para>        </briefdescription>
        <detaileddescription>
<para><parameterlist kind="param"><parameteritem>
<parameternamelist>
<parametername>e</parametername>
</parameternamelist>
<parameterdescription>
<para>Apontador para o estado </para></parameterdescription>
</parameteritem>
<parameteritem>
<parameternamelist>
<parametername>c</parametername>
</parameternamelist>
<parameterdescription>
<para>A coordenada </para></parameterdescription>
</parameteritem>
</parameterlist>
<simplesect kind="return"><para>Uma peça preta na anterior coordenada da peça branca e nova posição da peça branca</para></simplesect>
<parameterlist kind="param"><parameteritem>
<parameternamelist>
<parametername>e</parametername>
</parameternamelist>
<parameterdescription>
<para>Apontador para o estado </para></parameterdescription>
</parameteritem>
<parameteritem>
<parameternamelist>
<parametername>c</parametername>
</parameternamelist>
<parameterdescription>
<para>A coordenada </para></parameterdescription>
</parameteritem>
</parameterlist>
<simplesect kind="return"><para>Peça preta na coordenada anterior da branca </para></simplesect>
</para>        </detaileddescription>
        <inbodydescription>
        </inbodydescription>
        <location file="camada_logica.h" line="69" column="1" bodyfile="camada_logica.c" bodystart="66" bodyend="81"/>
      </memberdef>
      <memberdef kind="function" id="camada__logica_8h_1a8f08f0bc90ca0f407b8ce9c7e8f74dac" prot="public" static="no" const="no" explicit="no" inline="no" virt="non-virtual">
        <type>int</type>
        <definition>int ler</definition>
        <argsstring>(ESTADO *e, char fich[])</argsstring>
        <name>ler</name>
        <param>
          <type><ref refid="structESTADO" kindref="compound">ESTADO</ref> *</type>
          <declname>e</declname>
        </param>
        <param>
          <type>char</type>
          <declname>fich</declname>
          <array>[]</array>
        </param>
        <briefdescription>
<para>Função que lê tabuleiros que ja foram gravados caso o ficheiro exista. </para>        </briefdescription>
        <detaileddescription>
<para><parameterlist kind="param"><parameteritem>
<parameternamelist>
<parametername>e</parametername>
</parameternamelist>
<parameterdescription>
<para>Apontador para o estado </para></parameterdescription>
</parameteritem>
<parameteritem>
<parameternamelist>
<parametername>fich[]</parametername>
</parameternamelist>
<parameterdescription>
<para>Nome do ficheiro inserido pelo utilizador no terminal</para></parameterdescription>
</parameteritem>
</parameterlist>
Função que lê tabuleiros que ja foram gravados caso o ficheiro exista.</para><para><parameterlist kind="param"><parameteritem>
<parameternamelist>
<parametername>e</parametername>
</parameternamelist>
<parameterdescription>
<para>Apontador para o estado </para></parameterdescription>
</parameteritem>
<parameteritem>
<parameternamelist>
<parametername>fich[]</parametername>
</parameternamelist>
<parameterdescription>
<para>Nome do ficheiro inserido pelo utilizador no terminal </para></parameterdescription>
</parameteritem>
</parameterlist>
</para>        </detaileddescription>
        <inbodydescription>
        </inbodydescription>
        <location file="camada_logica.h" line="76" column="1" bodyfile="auxiliares.c" bodystart="115" bodyend="139"/>
      </memberdef>
      <memberdef kind="function" id="camada__logica_8h_1a43134a0efdc6f282be9a7f83997e8fc9" prot="public" static="no" const="no" explicit="no" inline="no" virt="non-virtual">
        <type>double</type>
        <definition>double dist</definition>
        <argsstring>(int x, int y, int z, int w)</argsstring>
        <name>dist</name>
        <param>
          <type>int</type>
          <declname>x</declname>
        </param>
        <param>
          <type>int</type>
          <declname>y</declname>
        </param>
        <param>
          <type>int</type>
          <declname>z</declname>
        </param>
        <param>
          <type>int</type>
          <declname>w</declname>
        </param>
        <briefdescription>
<para>Função que calacula a distancia entre 2 coordenadas. </para>        </briefdescription>
        <detaileddescription>
        </detaileddescription>
        <inbodydescription>
        </inbodydescription>
        <location file="camada_logica.h" line="81" column="1" bodyfile="auxiliares.c" bodystart="53" bodyend="56"/>
      </memberdef>
      <memberdef kind="function" id="camada__logica_8h_1ad45761e978e0d934e639d5bc4da09e7e" prot="public" static="no" const="no" explicit="no" inline="no" virt="non-virtual">
        <type>void</type>
        <definition>void guarda_jogada</definition>
        <argsstring>(ESTADO *e, COORDENADA c, int turno)</argsstring>
        <name>guarda_jogada</name>
        <param>
          <type><ref refid="structESTADO" kindref="compound">ESTADO</ref> *</type>
          <declname>e</declname>
        </param>
        <param>
          <type><ref refid="structCOORDENADA" kindref="compound">COORDENADA</ref></type>
          <declname>c</declname>
        </param>
        <param>
          <type>int</type>
          <declname>turno</declname>
        </param>
        <briefdescription>
<para>Função que guarda uma jogada. </para>        </briefdescription>
        <detaileddescription>
<para><parameterlist kind="param"><parameteritem>
<parameternamelist>
<parametername>e</parametername>
</parameternamelist>
<parameterdescription>
<para>Apontador para o estado </para></parameterdescription>
</parameteritem>
<parameteritem>
<parameternamelist>
<parametername>c</parametername>
</parameternamelist>
<parameterdescription>
<para>A coordenada </para></parameterdescription>
</parameteritem>
<parameteritem>
<parameternamelist>
<parametername>turno</parametername>
</parameternamelist>
<parameterdescription>
<para>O turno do jogador </para></parameterdescription>
</parameteritem>
</parameterlist>
</para>        </detaileddescription>
        <inbodydescription>
        </inbodydescription>
        <location file="camada_logica.h" line="89" column="1" bodyfile="camada_logica.c" bodystart="110" bodyend="114"/>
      </memberdef>
      <memberdef kind="function" id="camada__logica_8h_1a1aea03240fe093e7eef97e0412298e7b" prot="public" static="no" const="no" explicit="no" inline="no" virt="non-virtual">
        <type><ref refid="auxiliares_8h_1a5a5447a03bcb835183312f000a1d12bc" kindref="member">LISTA</ref></type>
        <definition>LISTA jogadas_possiveis</definition>
        <argsstring>(ESTADO *e, LISTA l)</argsstring>
        <name>jogadas_possiveis</name>
        <param>
          <type><ref refid="structESTADO" kindref="compound">ESTADO</ref> *</type>
          <declname>e</declname>
        </param>
        <param>
          <type><ref refid="auxiliares_8h_1a5a5447a03bcb835183312f000a1d12bc" kindref="member">LISTA</ref></type>
          <declname>l</declname>
        </param>
        <briefdescription>
<para>Função que devolve uma lista com as jogadas possiveis. </para>        </briefdescription>
        <detaileddescription>
<para><parameterlist kind="param"><parameteritem>
<parameternamelist>
<parametername>e</parametername>
</parameternamelist>
<parameterdescription>
<para>Apontador para o estado </para></parameterdescription>
</parameteritem>
<parameteritem>
<parameternamelist>
<parametername>l</parametername>
</parameternamelist>
<parameterdescription>
<para>Lista de jogadas possiveis </para></parameterdescription>
</parameteritem>
</parameterlist>
</para>        </detaileddescription>
        <inbodydescription>
        </inbodydescription>
        <location file="camada_logica.h" line="96" column="1" bodyfile="auxiliares.c" bodystart="75" bodyend="89"/>
      </memberdef>
      <memberdef kind="function" id="camada__logica_8h_1a91008dcf7eed26e9f8986c527dd7b2d3" prot="public" static="no" const="no" explicit="no" inline="no" virt="non-virtual">
        <type>char *</type>
        <definition>char* to_string</definition>
        <argsstring>(int x, int y)</argsstring>
        <name>to_string</name>
        <param>
          <type>int</type>
          <declname>x</declname>
        </param>
        <param>
          <type>int</type>
          <declname>y</declname>
        </param>
        <briefdescription>
<para>Função que tranforma 2 inteiros numa string. </para>        </briefdescription>
        <detaileddescription>
        </detaileddescription>
        <inbodydescription>
        </inbodydescription>
        <location file="camada_logica.h" line="101" column="1" bodyfile="auxiliares.c" bodystart="67" bodyend="72"/>
      </memberdef>
      <memberdef kind="function" id="camada__logica_8h_1a5bf23e2e67f5cc232d1281ad8d3589ff" prot="public" static="no" const="no" explicit="no" inline="no" virt="non-virtual">
        <type><ref refid="structCOORDENADA" kindref="compound">COORDENADA</ref></type>
        <definition>COORDENADA to_int</definition>
        <argsstring>(char v[])</argsstring>
        <name>to_int</name>
        <param>
          <type>char</type>
          <declname>v</declname>
          <array>[]</array>
        </param>
        <briefdescription>
<para>Função que tranforma uma string em coordenadas. </para>        </briefdescription>
        <detaileddescription>
        </detaileddescription>
        <inbodydescription>
        </inbodydescription>
        <location file="camada_logica.h" line="106" column="1" bodyfile="auxiliares.c" bodystart="58" bodyend="64"/>
      </memberdef>
      </sectiondef>
    <briefdescription>
    </briefdescription>
    <detaileddescription>
<para><ref refid="camada__logica_8h" kindref="compound">camada_logica.h</ref> Definição do estado e das funções que o manipulam </para>    </detaileddescription>
    <programlisting>
<codeline lineno="1"></codeline>
<codeline lineno="7"><highlight class="preprocessor">#ifndef<sp/>LI2PL8G7_CAMADA_LOGICA_H</highlight><highlight class="normal"></highlight></codeline>
<codeline lineno="8"><highlight class="normal"></highlight><highlight class="preprocessor">#define<sp/>LI2PL8G7_CAMADA_LOGICA_H</highlight><highlight class="normal"></highlight></codeline>
<codeline lineno="9"><highlight class="normal"></highlight></codeline>
<codeline lineno="10"><highlight class="normal"></highlight><highlight class="preprocessor">#include<sp/>&quot;<ref refid="listas_8h" kindref="compound">listas.h</ref>&quot;</highlight><highlight class="normal"></highlight></codeline>
<codeline lineno="11"><highlight class="normal"></highlight></codeline>
<codeline lineno="17"><highlight class="keywordtype">void</highlight><highlight class="normal"><sp/><ref refid="camada__logica_8h_1aa3041511653989dbd8a4fa4d747deb4e" kindref="member">peca_branca</ref>(<ref refid="structESTADO" kindref="compound">ESTADO</ref><sp/>*e,<sp/><ref refid="structCOORDENADA" kindref="compound">COORDENADA</ref><sp/>c);</highlight></codeline>
<codeline lineno="18"><highlight class="normal"></highlight></codeline>
<codeline lineno="24"><highlight class="keywordtype">void</highlight><highlight class="normal"><sp/><ref refid="camada__logica_8h_1a88aed9dbea2e3e60f92d45f1741b5b11" kindref="member">peca_preta</ref>(<ref refid="structESTADO" kindref="compound">ESTADO</ref><sp/>*e,<sp/><ref refid="structCOORDENADA" kindref="compound">COORDENADA</ref><sp/>c);</highlight></codeline>
<codeline lineno="25"><highlight class="normal"></highlight></codeline>
<codeline lineno="32"><highlight class="keywordtype">int</highlight><highlight class="normal"><sp/><ref refid="camada__logica_8h_1ada40878b15d13766c1bc39a643bca062" kindref="member">posicao_valida</ref>(<ref refid="structESTADO" kindref="compound">ESTADO</ref><sp/>*e,<sp/><ref refid="structCOORDENADA" kindref="compound">COORDENADA</ref><sp/>c);</highlight></codeline>
<codeline lineno="33"><highlight class="normal"></highlight></codeline>
<codeline lineno="39"><highlight class="normal"><ref refid="structCOORDENADA" kindref="compound">COORDENADA</ref><sp/><ref refid="camada__logica_8h_1a7efad7ce8f98e281be10a2e537de68cb" kindref="member">obter_coord_branca</ref>(<ref refid="structESTADO" kindref="compound">ESTADO</ref><sp/>*e);</highlight></codeline>
<codeline lineno="40"><highlight class="normal"></highlight></codeline>
<codeline lineno="46"><highlight class="keywordtype">int</highlight><highlight class="normal"><sp/><ref refid="camada__logica_8h_1a5679b2ed29ad7be4b942dd7ce0562a4e" kindref="member">encurralada</ref><sp/>(<ref refid="structESTADO" kindref="compound">ESTADO</ref><sp/>*e);</highlight></codeline>
<codeline lineno="47"><highlight class="normal"></highlight></codeline>
<codeline lineno="53"><highlight class="keywordtype">int</highlight><highlight class="normal"><sp/><ref refid="camada__logica_8h_1a46dad883a01f5f7b06944a3bbe317b84" kindref="member">deteta_fim</ref><sp/>(<ref refid="structESTADO" kindref="compound">ESTADO</ref><sp/>*e);</highlight></codeline>
<codeline lineno="54"><highlight class="normal"></highlight></codeline>
<codeline lineno="61"><highlight class="keywordtype">int</highlight><highlight class="normal"><sp/><ref refid="camada__logica_8h_1a650916d9bd6f0648c54af321cd1ab655" kindref="member">acabou</ref>(<ref refid="structESTADO" kindref="compound">ESTADO</ref><sp/>*e,<sp/><ref refid="structCOORDENADA" kindref="compound">COORDENADA</ref><sp/>c);</highlight></codeline>
<codeline lineno="62"><highlight class="normal"></highlight></codeline>
<codeline lineno="69"><highlight class="keywordtype">int</highlight><highlight class="normal"><sp/><ref refid="camada__logica_8h_1ac313d7e553b1e2b5f266acb9bfff8141" kindref="member">jogar</ref>(<ref refid="structESTADO" kindref="compound">ESTADO</ref><sp/>*e,<sp/><ref refid="structCOORDENADA" kindref="compound">COORDENADA</ref><sp/>c);</highlight></codeline>
<codeline lineno="70"><highlight class="normal"></highlight></codeline>
<codeline lineno="76"><highlight class="keywordtype">int</highlight><highlight class="normal"><sp/><ref refid="camada__logica_8h_1a8f08f0bc90ca0f407b8ce9c7e8f74dac" kindref="member">ler</ref>(<ref refid="structESTADO" kindref="compound">ESTADO</ref><sp/>*e,<sp/></highlight><highlight class="keywordtype">char</highlight><highlight class="normal"><sp/>fich[]);</highlight></codeline>
<codeline lineno="77"><highlight class="normal"></highlight></codeline>
<codeline lineno="81"><highlight class="keywordtype">double</highlight><highlight class="normal"><sp/><ref refid="camada__logica_8h_1a43134a0efdc6f282be9a7f83997e8fc9" kindref="member">dist</ref><sp/>(</highlight><highlight class="keywordtype">int</highlight><highlight class="normal"><sp/>x,<sp/></highlight><highlight class="keywordtype">int</highlight><highlight class="normal"><sp/>y,<sp/></highlight><highlight class="keywordtype">int</highlight><highlight class="normal"><sp/>z,<sp/></highlight><highlight class="keywordtype">int</highlight><highlight class="normal"><sp/>w);</highlight></codeline>
<codeline lineno="82"><highlight class="normal"></highlight></codeline>
<codeline lineno="89"><highlight class="keywordtype">void</highlight><highlight class="normal"><sp/><ref refid="camada__logica_8h_1ad45761e978e0d934e639d5bc4da09e7e" kindref="member">guarda_jogada</ref>(<ref refid="structESTADO" kindref="compound">ESTADO</ref><sp/>*e,<sp/><ref refid="structCOORDENADA" kindref="compound">COORDENADA</ref><sp/>c,<sp/></highlight><highlight class="keywordtype">int</highlight><highlight class="normal"><sp/>turno);</highlight></codeline>
<codeline lineno="90"><highlight class="normal"></highlight></codeline>
<codeline lineno="96"><highlight class="normal"><ref refid="structnodo" kindref="compound">LISTA</ref><sp/><ref refid="camada__logica_8h_1a1aea03240fe093e7eef97e0412298e7b" kindref="member">jogadas_possiveis</ref>(<ref refid="structESTADO" kindref="compound">ESTADO</ref><sp/>*e,<sp/><ref refid="structnodo" kindref="compound">LISTA</ref><sp/>l);</highlight></codeline>
<codeline lineno="97"><highlight class="normal"></highlight></codeline>
<codeline lineno="101"><highlight class="keywordtype">char</highlight><highlight class="normal">*<sp/><ref refid="camada__logica_8h_1a91008dcf7eed26e9f8986c527dd7b2d3" kindref="member">to_string</ref>(</highlight><highlight class="keywordtype">int</highlight><highlight class="normal"><sp/>x,<sp/></highlight><highlight class="keywordtype">int</highlight><highlight class="normal"><sp/>y);</highlight></codeline>
<codeline lineno="102"><highlight class="normal"></highlight></codeline>
<codeline lineno="106"><highlight class="normal"><ref refid="structCOORDENADA" kindref="compound">COORDENADA</ref><sp/><ref refid="camada__logica_8h_1a5bf23e2e67f5cc232d1281ad8d3589ff" kindref="member">to_int</ref>(</highlight><highlight class="keywordtype">char</highlight><highlight class="normal"><sp/>v[]);</highlight></codeline>
<codeline lineno="107"><highlight class="normal"></highlight></codeline>
<codeline lineno="108"><highlight class="normal"></highlight><highlight class="preprocessor">#endif//LI2PL8G7_CAMADA_LOGICA_H</highlight></codeline>
    </programlisting>
    <location file="camada_logica.h"/>
  </compounddef>
</doxygen>
