<?xml version='1.0' encoding='UTF-8' standalone='no'?>
<doxygen xmlns:xsi="http://www.w3.org/2001/XMLSchema-instance" xsi:noNamespaceSchemaLocation="compound.xsd" version="1.8.13">
  <compounddef id="camada__logica_8c" kind="file" language="C++">
    <compoundname>camada_logica.c</compoundname>
    <includes refid="camada__dados_8h" local="yes">camada_dados.h</includes>
    <includes refid="camada__logica_8h" local="yes">camada_logica.h</includes>
    <includes refid="camada__interface_8h" local="yes">camada_interface.h</includes>
    <includes refid="listas_8h" local="yes">listas.h</includes>
    <includes local="no">stdio.h</includes>
    <includes local="no">stdlib.h</includes>
    <includes local="no">math.h</includes>
    <includes local="no">time.h</includes>
    <incdepgraph>
      <node id="63">
        <label>stdlib.h</label>
      </node>
      <node id="67">
        <label>camada_interface.h</label>
        <link refid="camada__interface_8h"/>
        <childnode refid="61" relation="include">
        </childnode>
        <childnode refid="66" relation="include">
        </childnode>
      </node>
      <node id="60">
        <label>camada_logica.c</label>
        <link refid="camada__logica_8c"/>
        <childnode refid="61" relation="include">
        </childnode>
        <childnode refid="65" relation="include">
        </childnode>
        <childnode refid="67" relation="include">
        </childnode>
        <childnode refid="66" relation="include">
        </childnode>
        <childnode refid="62" relation="include">
        </childnode>
        <childnode refid="63" relation="include">
        </childnode>
        <childnode refid="68" relation="include">
        </childnode>
        <childnode refid="69" relation="include">
        </childnode>
      </node>
      <node id="65">
        <label>camada_logica.h</label>
        <link refid="camada__logica_8h"/>
        <childnode refid="66" relation="include">
        </childnode>
      </node>
      <node id="64">
        <label>string.h</label>
      </node>
      <node id="66">
        <label>listas.h</label>
        <link refid="listas_8h"/>
        <childnode refid="61" relation="include">
        </childnode>
      </node>
      <node id="69">
        <label>time.h</label>
      </node>
      <node id="68">
        <label>math.h</label>
      </node>
      <node id="61">
        <label>camada_dados.h</label>
        <link refid="camada__dados_8h"/>
        <childnode refid="62" relation="include">
        </childnode>
        <childnode refid="63" relation="include">
        </childnode>
        <childnode refid="64" relation="include">
        </childnode>
      </node>
      <node id="62">
        <label>stdio.h</label>
      </node>
    </incdepgraph>
      <sectiondef kind="func">
      <memberdef kind="function" id="camada__logica_8c_1aa3041511653989dbd8a4fa4d747deb4e" prot="public" static="no" const="no" explicit="no" inline="no" virt="non-virtual">
        <type>void</type>
        <definition>void peca_branca</definition>
        <argsstring>(ESTADO *e, COORDENADA c)</argsstring>
        <name>peca_branca</name>
        <param>
          <type><ref refid="structESTADO" kindref="compound">ESTADO</ref> *</type>
          <declname>e</declname>
        </param>
        <param>
          <type><ref refid="structCOORDENADA" kindref="compound">COORDENADA</ref></type>
          <declname>c</declname>
        </param>
        <briefdescription>
<para>Função que recebe o estado e uma coordenada e muda o tipo da casa dessa coordenada para branca. </para>        </briefdescription>
        <detaileddescription>
<para><parameterlist kind="param"><parameteritem>
<parameternamelist>
<parametername>e</parametername>
</parameternamelist>
<parameterdescription>
<para>Apontador para o estado </para></parameterdescription>
</parameteritem>
<parameteritem>
<parameternamelist>
<parametername>c</parametername>
</parameternamelist>
<parameterdescription>
<para>A coordenada </para></parameterdescription>
</parameteritem>
</parameterlist>
</para>        </detaileddescription>
        <inbodydescription>
        </inbodydescription>
        <location file="camada_logica.c" line="10" column="1" bodyfile="camada_logica.c" bodystart="10" bodyend="12"/>
      </memberdef>
      <memberdef kind="function" id="camada__logica_8c_1a88aed9dbea2e3e60f92d45f1741b5b11" prot="public" static="no" const="no" explicit="no" inline="no" virt="non-virtual">
        <type>void</type>
        <definition>void peca_preta</definition>
        <argsstring>(ESTADO *e, COORDENADA c)</argsstring>
        <name>peca_preta</name>
        <param>
          <type><ref refid="structESTADO" kindref="compound">ESTADO</ref> *</type>
          <declname>e</declname>
        </param>
        <param>
          <type><ref refid="structCOORDENADA" kindref="compound">COORDENADA</ref></type>
          <declname>c</declname>
        </param>
        <briefdescription>
<para>Função que recebe o estado e uma coordenada e muda o tipo da casa dessa coordenada para preta. </para>        </briefdescription>
        <detaileddescription>
<para><parameterlist kind="param"><parameteritem>
<parameternamelist>
<parametername>e</parametername>
</parameternamelist>
<parameterdescription>
<para>Apontador para o estado </para></parameterdescription>
</parameteritem>
<parameteritem>
<parameternamelist>
<parametername>c</parametername>
</parameternamelist>
<parameterdescription>
<para>A coordenada </para></parameterdescription>
</parameteritem>
</parameterlist>
</para>        </detaileddescription>
        <inbodydescription>
        </inbodydescription>
        <location file="camada_logica.c" line="14" column="1" bodyfile="camada_logica.c" bodystart="14" bodyend="16"/>
      </memberdef>
      <memberdef kind="function" id="camada__logica_8c_1a43134a0efdc6f282be9a7f83997e8fc9" prot="public" static="no" const="no" explicit="no" inline="no" virt="non-virtual">
        <type>double</type>
        <definition>double dist</definition>
        <argsstring>(int x, int y, int z, int w)</argsstring>
        <name>dist</name>
        <param>
          <type>int</type>
          <declname>x</declname>
        </param>
        <param>
          <type>int</type>
          <declname>y</declname>
        </param>
        <param>
          <type>int</type>
          <declname>z</declname>
        </param>
        <param>
          <type>int</type>
          <declname>w</declname>
        </param>
        <briefdescription>
<para>Função que calacula a distancia entre 2 coordenadas. </para>        </briefdescription>
        <detaileddescription>
        </detaileddescription>
        <inbodydescription>
        </inbodydescription>
        <location file="camada_logica.c" line="18" column="1" bodyfile="camada_logica.c" bodystart="18" bodyend="21"/>
      </memberdef>
      <memberdef kind="function" id="camada__logica_8c_1ada40878b15d13766c1bc39a643bca062" prot="public" static="no" const="no" explicit="no" inline="no" virt="non-virtual">
        <type>int</type>
        <definition>int posicao_valida</definition>
        <argsstring>(ESTADO *e, COORDENADA c)</argsstring>
        <name>posicao_valida</name>
        <param>
          <type><ref refid="structESTADO" kindref="compound">ESTADO</ref> *</type>
          <declname>e</declname>
        </param>
        <param>
          <type><ref refid="structCOORDENADA" kindref="compound">COORDENADA</ref></type>
          <declname>c</declname>
        </param>
        <briefdescription>
<para>Função que recebe o estado do jogo e a coordenada para o qual o jogador pretende mover a peça branca e verifica se a coordenada para a qual pretende jogar é válida. </para>        </briefdescription>
        <detaileddescription>
<para><parameterlist kind="param"><parameteritem>
<parameternamelist>
<parametername>e</parametername>
</parameternamelist>
<parameterdescription>
<para>Apontador para o estado </para></parameterdescription>
</parameteritem>
<parameteritem>
<parameternamelist>
<parametername>c</parametername>
</parameternamelist>
<parameterdescription>
<para>A coordenada </para></parameterdescription>
</parameteritem>
</parameterlist>
<simplesect kind="return"><para>Retorna 1 caso a posição para a qual o jogador quer jogar é valida e 0 caso contrário </para></simplesect>
</para>        </detaileddescription>
        <inbodydescription>
        </inbodydescription>
        <location file="camada_logica.c" line="23" column="1" bodyfile="camada_logica.c" bodystart="23" bodyend="29"/>
      </memberdef>
      <memberdef kind="function" id="camada__logica_8c_1a7efad7ce8f98e281be10a2e537de68cb" prot="public" static="no" const="no" explicit="no" inline="no" virt="non-virtual">
        <type><ref refid="structCOORDENADA" kindref="compound">COORDENADA</ref></type>
        <definition>COORDENADA obter_coord_branca</definition>
        <argsstring>(ESTADO *e)</argsstring>
        <name>obter_coord_branca</name>
        <param>
          <type><ref refid="structESTADO" kindref="compound">ESTADO</ref> *</type>
          <declname>e</declname>
        </param>
        <briefdescription>
<para>Função que recebe o estado do jogo e retorna a coordenada da peça branca. </para>        </briefdescription>
        <detaileddescription>
<para><parameterlist kind="param"><parameteritem>
<parameternamelist>
<parametername>e</parametername>
</parameternamelist>
<parameterdescription>
<para>Apontador para o estado </para></parameterdescription>
</parameteritem>
</parameterlist>
<simplesect kind="return"><para>A coordenada da peça branca </para></simplesect>
</para>        </detaileddescription>
        <inbodydescription>
        </inbodydescription>
        <location file="camada_logica.c" line="31" column="1" bodyfile="camada_logica.c" bodystart="31" bodyend="44"/>
      </memberdef>
      <memberdef kind="function" id="camada__logica_8c_1a5679b2ed29ad7be4b942dd7ce0562a4e" prot="public" static="no" const="no" explicit="no" inline="no" virt="non-virtual">
        <type>int</type>
        <definition>int encurralada</definition>
        <argsstring>(ESTADO *e)</argsstring>
        <name>encurralada</name>
        <param>
          <type><ref refid="structESTADO" kindref="compound">ESTADO</ref> *</type>
          <declname>e</declname>
        </param>
        <briefdescription>
<para>Função que recebe o estado e verifica se o jogador não tem mais hipóteses de jogadas retornando 1 caso se verifica. </para>        </briefdescription>
        <detaileddescription>
<para><parameterlist kind="param"><parameteritem>
<parameternamelist>
<parametername>e</parametername>
</parameternamelist>
<parameterdescription>
<para>Apontador para o estado </para></parameterdescription>
</parameteritem>
</parameterlist>
<simplesect kind="return"><para>Retorna 1 caso o jogador não tenha mais hipóteses de jogadas e 0 caso contrário </para></simplesect>
</para>        </detaileddescription>
        <inbodydescription>
        </inbodydescription>
        <location file="camada_logica.c" line="46" column="1" bodyfile="camada_logica.c" bodystart="46" bodyend="51"/>
      </memberdef>
      <memberdef kind="function" id="camada__logica_8c_1a46dad883a01f5f7b06944a3bbe317b84" prot="public" static="no" const="no" explicit="no" inline="no" virt="non-virtual">
        <type>int</type>
        <definition>int deteta_fim</definition>
        <argsstring>(ESTADO *e)</argsstring>
        <name>deteta_fim</name>
        <param>
          <type><ref refid="structESTADO" kindref="compound">ESTADO</ref> *</type>
          <declname>e</declname>
        </param>
        <briefdescription>
<para>Função que recebe e o estado e retorna 1 caso o jogo tenha acabado e 0 caso ainda não tenha acabado. </para>        </briefdescription>
        <detaileddescription>
<para><parameterlist kind="param"><parameteritem>
<parameternamelist>
<parametername>e</parametername>
</parameternamelist>
<parameterdescription>
<para>Apontador para o estado </para></parameterdescription>
</parameteritem>
</parameterlist>
<simplesect kind="return"><para>Retorna 1 caso o jogo tenha acabado e 0 caso contrário </para></simplesect>
</para>        </detaileddescription>
        <inbodydescription>
        </inbodydescription>
        <location file="camada_logica.c" line="54" column="1" bodyfile="camada_logica.c" bodystart="54" bodyend="58"/>
      </memberdef>
      <memberdef kind="function" id="camada__logica_8c_1a650916d9bd6f0648c54af321cd1ab655" prot="public" static="no" const="no" explicit="no" inline="no" virt="non-virtual">
        <type>int</type>
        <definition>int acabou</definition>
        <argsstring>(ESTADO *e, COORDENADA c)</argsstring>
        <name>acabou</name>
        <param>
          <type><ref refid="structESTADO" kindref="compound">ESTADO</ref> *</type>
          <declname>e</declname>
        </param>
        <param>
          <type><ref refid="structCOORDENADA" kindref="compound">COORDENADA</ref></type>
          <declname>c</declname>
        </param>
        <briefdescription>
<para>Função que verifica se a peça branca chega a uma das casas que ditam o fim do jogo, caso retorne 1, o jogador um ganhou o jogo, caso retorne 2 o jogador dois ganhou o jogo, caso retorne 0 o jogo ainda não acabou. </para>        </briefdescription>
        <detaileddescription>
<para><parameterlist kind="param"><parameteritem>
<parameternamelist>
<parametername>e</parametername>
</parameternamelist>
<parameterdescription>
<para>Apontador para o estado </para></parameterdescription>
</parameteritem>
<parameteritem>
<parameternamelist>
<parametername>c</parametername>
</parameternamelist>
<parameterdescription>
<para>A coordenada </para></parameterdescription>
</parameteritem>
</parameterlist>
<simplesect kind="return"><para>Retorna 1 caso a peça branca se encontre na casa onde ganha o jogador 1, retorna 2 caso a peça branca se encontre na casa onde ganha o jogador 2 e 0 caso contrário </para></simplesect>
</para>        </detaileddescription>
        <inbodydescription>
        </inbodydescription>
        <location file="camada_logica.c" line="60" column="1" bodyfile="camada_logica.c" bodystart="60" bodyend="64"/>
      </memberdef>
      <memberdef kind="function" id="camada__logica_8c_1ac313d7e553b1e2b5f266acb9bfff8141" prot="public" static="no" const="no" explicit="no" inline="no" virt="non-virtual">
        <type>int</type>
        <definition>int jogar</definition>
        <argsstring>(ESTADO *e, COORDENADA c)</argsstring>
        <name>jogar</name>
        <param>
          <type><ref refid="structESTADO" kindref="compound">ESTADO</ref> *</type>
          <declname>e</declname>
        </param>
        <param>
          <type><ref refid="structCOORDENADA" kindref="compound">COORDENADA</ref></type>
          <declname>c</declname>
        </param>
        <briefdescription>
<para>Função que recebe o estado do jogo e a coordenada para o qual será movida a peça branca e coloca na coordenada anterior da peça branca uma peça preta e efetua a jogada que o jogador pretende. </para>        </briefdescription>
        <detaileddescription>
<para><parameterlist kind="param"><parameteritem>
<parameternamelist>
<parametername>e</parametername>
</parameternamelist>
<parameterdescription>
<para>Apontador para o estado </para></parameterdescription>
</parameteritem>
<parameteritem>
<parameternamelist>
<parametername>c</parametername>
</parameternamelist>
<parameterdescription>
<para>A coordenada </para></parameterdescription>
</parameteritem>
</parameterlist>
<simplesect kind="return"><para>Peça preta na coordenada anterior da branca </para></simplesect>
</para>        </detaileddescription>
        <inbodydescription>
        </inbodydescription>
        <location file="camada_logica.c" line="66" column="1" bodyfile="camada_logica.c" bodystart="66" bodyend="81"/>
      </memberdef>
      <memberdef kind="function" id="camada__logica_8c_1a8f08f0bc90ca0f407b8ce9c7e8f74dac" prot="public" static="no" const="no" explicit="no" inline="no" virt="non-virtual">
        <type>int</type>
        <definition>int ler</definition>
        <argsstring>(ESTADO *e, char fich[])</argsstring>
        <name>ler</name>
        <param>
          <type><ref refid="structESTADO" kindref="compound">ESTADO</ref> *</type>
          <declname>e</declname>
        </param>
        <param>
          <type>char</type>
          <declname>fich</declname>
          <array>[]</array>
        </param>
        <briefdescription>
<para>Função que lê um ficheiro com um tabuleiro previamnete gravado. </para>        </briefdescription>
        <detaileddescription>
<para>Função que lê tabuleiros que ja foram gravados caso o ficheiro exista.</para><para><parameterlist kind="param"><parameteritem>
<parameternamelist>
<parametername>e</parametername>
</parameternamelist>
<parameterdescription>
<para>Apontador para o estado </para></parameterdescription>
</parameteritem>
<parameteritem>
<parameternamelist>
<parametername>fich[]</parametername>
</parameternamelist>
<parameterdescription>
<para>Nome do ficheiro inserido pelo utilizador no terminal </para></parameterdescription>
</parameteritem>
</parameterlist>
</para>        </detaileddescription>
        <inbodydescription>
        </inbodydescription>
        <location file="camada_logica.c" line="83" column="1" bodyfile="camada_logica.c" bodystart="83" bodyend="108"/>
      </memberdef>
      <memberdef kind="function" id="camada__logica_8c_1ad45761e978e0d934e639d5bc4da09e7e" prot="public" static="no" const="no" explicit="no" inline="no" virt="non-virtual">
        <type>void</type>
        <definition>void guarda_jogada</definition>
        <argsstring>(ESTADO *e, COORDENADA c, int turno)</argsstring>
        <name>guarda_jogada</name>
        <param>
          <type><ref refid="structESTADO" kindref="compound">ESTADO</ref> *</type>
          <declname>e</declname>
        </param>
        <param>
          <type><ref refid="structCOORDENADA" kindref="compound">COORDENADA</ref></type>
          <declname>c</declname>
        </param>
        <param>
          <type>int</type>
          <declname>turno</declname>
        </param>
        <briefdescription>
<para>Função que guarda uma jogada. </para>        </briefdescription>
        <detaileddescription>
<para><parameterlist kind="param"><parameteritem>
<parameternamelist>
<parametername>e</parametername>
</parameternamelist>
<parameterdescription>
<para>Apontador para o estado </para></parameterdescription>
</parameteritem>
<parameteritem>
<parameternamelist>
<parametername>c</parametername>
</parameternamelist>
<parameterdescription>
<para>A coordenada </para></parameterdescription>
</parameteritem>
<parameteritem>
<parameternamelist>
<parametername>turno</parametername>
</parameternamelist>
<parameterdescription>
<para>O turno do jogador </para></parameterdescription>
</parameteritem>
</parameterlist>
</para>        </detaileddescription>
        <inbodydescription>
        </inbodydescription>
        <location file="camada_logica.c" line="110" column="1" bodyfile="camada_logica.c" bodystart="110" bodyend="114"/>
      </memberdef>
      <memberdef kind="function" id="camada__logica_8c_1a91008dcf7eed26e9f8986c527dd7b2d3" prot="public" static="no" const="no" explicit="no" inline="no" virt="non-virtual">
        <type>char *</type>
        <definition>char* to_string</definition>
        <argsstring>(int x, int y)</argsstring>
        <name>to_string</name>
        <param>
          <type>int</type>
          <declname>x</declname>
        </param>
        <param>
          <type>int</type>
          <declname>y</declname>
        </param>
        <briefdescription>
<para>Função que tranforma 2 inteiros numa string. </para>        </briefdescription>
        <detaileddescription>
        </detaileddescription>
        <inbodydescription>
        </inbodydescription>
        <location file="camada_logica.c" line="116" column="1" bodyfile="camada_logica.c" bodystart="116" bodyend="121"/>
      </memberdef>
      <memberdef kind="function" id="camada__logica_8c_1a5bf23e2e67f5cc232d1281ad8d3589ff" prot="public" static="no" const="no" explicit="no" inline="no" virt="non-virtual">
        <type><ref refid="structCOORDENADA" kindref="compound">COORDENADA</ref></type>
        <definition>COORDENADA to_int</definition>
        <argsstring>(char v[])</argsstring>
        <name>to_int</name>
        <param>
          <type>char</type>
          <declname>v</declname>
          <array>[]</array>
        </param>
        <briefdescription>
<para>Função que tranforma uma string em coordenadas. </para>        </briefdescription>
        <detaileddescription>
        </detaileddescription>
        <inbodydescription>
        </inbodydescription>
        <location file="camada_logica.c" line="123" column="1" bodyfile="camada_logica.c" bodystart="123" bodyend="129"/>
      </memberdef>
      <memberdef kind="function" id="camada__logica_8c_1a1aea03240fe093e7eef97e0412298e7b" prot="public" static="no" const="no" explicit="no" inline="no" virt="non-virtual">
        <type><ref refid="auxiliares_8h_1a5a5447a03bcb835183312f000a1d12bc" kindref="member">LISTA</ref></type>
        <definition>LISTA jogadas_possiveis</definition>
        <argsstring>(ESTADO *e, LISTA l)</argsstring>
        <name>jogadas_possiveis</name>
        <param>
          <type><ref refid="structESTADO" kindref="compound">ESTADO</ref> *</type>
          <declname>e</declname>
        </param>
        <param>
          <type><ref refid="auxiliares_8h_1a5a5447a03bcb835183312f000a1d12bc" kindref="member">LISTA</ref></type>
          <declname>l</declname>
        </param>
        <briefdescription>
<para>Função que devolve uma lista com as jogadas possiveis. </para>        </briefdescription>
        <detaileddescription>
<para><parameterlist kind="param"><parameteritem>
<parameternamelist>
<parametername>e</parametername>
</parameternamelist>
<parameterdescription>
<para>Apontador para o estado </para></parameterdescription>
</parameteritem>
<parameteritem>
<parameternamelist>
<parametername>l</parametername>
</parameternamelist>
<parameterdescription>
<para>Lista de jogadas possiveis </para></parameterdescription>
</parameteritem>
</parameterlist>
</para>        </detaileddescription>
        <inbodydescription>
        </inbodydescription>
        <location file="camada_logica.c" line="131" column="1" bodyfile="camada_logica.c" bodystart="131" bodyend="145"/>
      </memberdef>
      </sectiondef>
    <briefdescription>
    </briefdescription>
    <detaileddescription>
    </detaileddescription>
    <programlisting>
<codeline lineno="1"><highlight class="preprocessor">#include<sp/>&quot;<ref refid="camada__dados_8h" kindref="compound">camada_dados.h</ref>&quot;</highlight><highlight class="normal"></highlight></codeline>
<codeline lineno="2"><highlight class="normal"></highlight><highlight class="preprocessor">#include<sp/>&quot;<ref refid="camada__logica_8h" kindref="compound">camada_logica.h</ref>&quot;</highlight><highlight class="normal"></highlight></codeline>
<codeline lineno="3"><highlight class="normal"></highlight><highlight class="preprocessor">#include<sp/>&quot;<ref refid="camada__interface_8h" kindref="compound">camada_interface.h</ref>&quot;</highlight><highlight class="normal"></highlight></codeline>
<codeline lineno="4"><highlight class="normal"></highlight><highlight class="preprocessor">#include<sp/>&quot;<ref refid="listas_8h" kindref="compound">listas.h</ref>&quot;</highlight><highlight class="normal"></highlight></codeline>
<codeline lineno="5"><highlight class="normal"></highlight><highlight class="preprocessor">#include<sp/>&lt;stdio.h&gt;</highlight><highlight class="normal"></highlight></codeline>
<codeline lineno="6"><highlight class="normal"></highlight><highlight class="preprocessor">#include<sp/>&lt;stdlib.h&gt;</highlight><highlight class="normal"></highlight></codeline>
<codeline lineno="7"><highlight class="normal"></highlight><highlight class="preprocessor">#include<sp/>&lt;math.h&gt;</highlight><highlight class="normal"></highlight></codeline>
<codeline lineno="8"><highlight class="normal"></highlight><highlight class="preprocessor">#include<sp/>&lt;time.h&gt;</highlight><highlight class="normal"></highlight></codeline>
<codeline lineno="9"><highlight class="normal"></highlight></codeline>
<codeline lineno="10"><highlight class="normal"></highlight><highlight class="keywordtype">void</highlight><highlight class="normal"><sp/><ref refid="camada__logica_8h_1aa3041511653989dbd8a4fa4d747deb4e" kindref="member">peca_branca</ref>(<ref refid="structESTADO" kindref="compound">ESTADO</ref><sp/>*e,<sp/><ref refid="structCOORDENADA" kindref="compound">COORDENADA</ref><sp/>c){</highlight></codeline>
<codeline lineno="11"><highlight class="normal"><sp/><sp/><sp/><sp/>e-&gt;<ref refid="structESTADO_1ae03c399b73d7a92d7f7ced83e91e5b6f" kindref="member">tab</ref>[c.linha][c.coluna]=<ref refid="camada__dados_8h_1aba91601f16d4c485b2d9b8c429f27039ad24485fddec75419fd4a0cc9edda0ca5" kindref="member">BRANCA</ref>;</highlight></codeline>
<codeline lineno="12"><highlight class="normal">}</highlight></codeline>
<codeline lineno="13"><highlight class="normal"></highlight></codeline>
<codeline lineno="14"><highlight class="normal"></highlight><highlight class="keywordtype">void</highlight><highlight class="normal"><sp/><ref refid="camada__logica_8h_1a88aed9dbea2e3e60f92d45f1741b5b11" kindref="member">peca_preta</ref>(<ref refid="structESTADO" kindref="compound">ESTADO</ref><sp/>*e,<sp/><ref refid="structCOORDENADA" kindref="compound">COORDENADA</ref><sp/>c){</highlight></codeline>
<codeline lineno="15"><highlight class="normal"><sp/><sp/><sp/><sp/>e-&gt;<ref refid="structESTADO_1ae03c399b73d7a92d7f7ced83e91e5b6f" kindref="member">tab</ref>[c.linha][c.coluna]=<ref refid="camada__dados_8h_1aba91601f16d4c485b2d9b8c429f27039a007278eb3827d19891b47cdd3ac8846d" kindref="member">PRETA</ref>;</highlight></codeline>
<codeline lineno="16"><highlight class="normal">}</highlight></codeline>
<codeline lineno="17"><highlight class="normal"></highlight></codeline>
<codeline lineno="18"><highlight class="normal"></highlight><highlight class="keywordtype">double</highlight><highlight class="normal"><sp/><ref refid="auxiliares_8h_1a43134a0efdc6f282be9a7f83997e8fc9" kindref="member">dist</ref><sp/>(</highlight><highlight class="keywordtype">int</highlight><highlight class="normal"><sp/>x,<sp/></highlight><highlight class="keywordtype">int</highlight><highlight class="normal"><sp/>y,<sp/></highlight><highlight class="keywordtype">int</highlight><highlight class="normal"><sp/>z,<sp/></highlight><highlight class="keywordtype">int</highlight><highlight class="normal"><sp/>w){</highlight></codeline>
<codeline lineno="19"><highlight class="normal"><sp/><sp/><sp/><sp/></highlight><highlight class="keywordtype">double</highlight><highlight class="normal"><sp/>distancia<sp/>=<sp/>sqrt(pow(abs(x<sp/>-<sp/>z),<sp/>2)<sp/>+<sp/>pow(abs(y<sp/>-<sp/>w),<sp/>2));</highlight></codeline>
<codeline lineno="20"><highlight class="normal"><sp/><sp/><sp/><sp/></highlight><highlight class="keywordflow">return</highlight><highlight class="normal"><sp/>distancia;</highlight></codeline>
<codeline lineno="21"><highlight class="normal">}</highlight></codeline>
<codeline lineno="22"><highlight class="normal"></highlight></codeline>
<codeline lineno="23"><highlight class="normal"></highlight><highlight class="keywordtype">int</highlight><highlight class="normal"><sp/><ref refid="camada__logica_8h_1ada40878b15d13766c1bc39a643bca062" kindref="member">posicao_valida</ref>(<ref refid="structESTADO" kindref="compound">ESTADO</ref><sp/>*e,<sp/><ref refid="structCOORDENADA" kindref="compound">COORDENADA</ref><sp/>c){</highlight></codeline>
<codeline lineno="24"><highlight class="normal"><sp/><sp/><sp/><sp/><ref refid="structCOORDENADA" kindref="compound">COORDENADA</ref><sp/>d;</highlight></codeline>
<codeline lineno="25"><highlight class="normal"><sp/><sp/><sp/><sp/>d=<sp/><ref refid="auxiliares_8h_1a7efad7ce8f98e281be10a2e537de68cb" kindref="member">obter_coord_branca</ref>(e);</highlight></codeline>
<codeline lineno="26"><highlight class="normal"><sp/><sp/><sp/><sp/></highlight><highlight class="keywordtype">double</highlight><highlight class="normal"><sp/>distancia<sp/>=<sp/><ref refid="auxiliares_8h_1a43134a0efdc6f282be9a7f83997e8fc9" kindref="member">dist</ref>(c.linha,c.coluna,d.linha,d.coluna);</highlight></codeline>
<codeline lineno="27"><highlight class="normal"><sp/><sp/><sp/><sp/></highlight><highlight class="keywordflow">if</highlight><highlight class="normal"><sp/>((e-&gt;<ref refid="structESTADO_1ae03c399b73d7a92d7f7ced83e91e5b6f" kindref="member">tab</ref>[c.linha][c.coluna]==<ref refid="camada__dados_8h_1aba91601f16d4c485b2d9b8c429f27039abc711f491a56ec7af7a688be508c5113" kindref="member">VAZIO</ref><sp/>||<sp/>e-&gt;<ref refid="structESTADO_1ae03c399b73d7a92d7f7ced83e91e5b6f" kindref="member">tab</ref>[c.linha][c.coluna]==<ref refid="camada__dados_8h_1aba91601f16d4c485b2d9b8c429f27039a8ff080ca8f3143a71121a37a8e6596d8" kindref="member">JOG1</ref><sp/>||<sp/>e-&gt;<ref refid="structESTADO_1ae03c399b73d7a92d7f7ced83e91e5b6f" kindref="member">tab</ref>[c.linha][c.coluna]==<ref refid="camada__dados_8h_1aba91601f16d4c485b2d9b8c429f27039a15421bcb42ff42b5d6a8ba24d6ebfb88" kindref="member">JOG2</ref>)<sp/>&amp;&amp;<sp/>(distancia==1<sp/>||<sp/>distancia==sqrt(2)))<sp/></highlight><highlight class="keywordflow">return</highlight><highlight class="normal"><sp/>1;</highlight></codeline>
<codeline lineno="28"><highlight class="normal"><sp/><sp/><sp/><sp/></highlight><highlight class="keywordflow">else</highlight><highlight class="normal"><sp/></highlight><highlight class="keywordflow">return</highlight><highlight class="normal"><sp/>0;</highlight></codeline>
<codeline lineno="29"><highlight class="normal">}</highlight></codeline>
<codeline lineno="30"><highlight class="normal"></highlight></codeline>
<codeline lineno="31"><highlight class="normal"><ref refid="structCOORDENADA" kindref="compound">COORDENADA</ref><sp/><ref refid="auxiliares_8h_1a7efad7ce8f98e281be10a2e537de68cb" kindref="member">obter_coord_branca</ref>(<ref refid="structESTADO" kindref="compound">ESTADO</ref><sp/>*e){</highlight></codeline>
<codeline lineno="32"><highlight class="normal"><sp/><sp/><sp/><sp/></highlight><highlight class="keywordtype">int</highlight><highlight class="normal"><sp/>i,<sp/>j;</highlight></codeline>
<codeline lineno="33"><highlight class="normal"><sp/><sp/><sp/><sp/><ref refid="structCOORDENADA" kindref="compound">COORDENADA</ref><sp/>coord;</highlight></codeline>
<codeline lineno="34"><highlight class="normal"><sp/><sp/><sp/><sp/></highlight><highlight class="keywordflow">for</highlight><highlight class="normal"><sp/>(j=0;<sp/>j&lt;8;<sp/>j++){</highlight></codeline>
<codeline lineno="35"><highlight class="normal"><sp/><sp/><sp/><sp/><sp/><sp/><sp/><sp/></highlight><highlight class="keywordflow">for</highlight><highlight class="normal"><sp/>(i=0;<sp/>i&lt;8;<sp/>i++)</highlight></codeline>
<codeline lineno="36"><highlight class="normal"><sp/><sp/><sp/><sp/><sp/><sp/><sp/><sp/>{</highlight></codeline>
<codeline lineno="37"><highlight class="normal"><sp/><sp/><sp/><sp/><sp/><sp/><sp/><sp/><sp/><sp/><sp/><sp/></highlight><highlight class="keywordflow">if</highlight><highlight class="normal"><sp/>(e-&gt;<ref refid="structESTADO_1ae03c399b73d7a92d7f7ced83e91e5b6f" kindref="member">tab</ref>[j][i]==<ref refid="camada__dados_8h_1aba91601f16d4c485b2d9b8c429f27039ad24485fddec75419fd4a0cc9edda0ca5" kindref="member">BRANCA</ref>){</highlight></codeline>
<codeline lineno="38"><highlight class="normal"><sp/><sp/><sp/><sp/><sp/><sp/><sp/><sp/><sp/><sp/><sp/><sp/><sp/><sp/><sp/><sp/>coord.coluna=i;</highlight></codeline>
<codeline lineno="39"><highlight class="normal"><sp/><sp/><sp/><sp/><sp/><sp/><sp/><sp/><sp/><sp/><sp/><sp/><sp/><sp/><sp/><sp/>coord.linha=j;</highlight></codeline>
<codeline lineno="40"><highlight class="normal"><sp/><sp/><sp/><sp/><sp/><sp/><sp/><sp/><sp/><sp/><sp/><sp/>}</highlight></codeline>
<codeline lineno="41"><highlight class="normal"><sp/><sp/><sp/><sp/><sp/><sp/><sp/><sp/>}</highlight></codeline>
<codeline lineno="42"><highlight class="normal"><sp/><sp/><sp/><sp/>}</highlight></codeline>
<codeline lineno="43"><highlight class="normal"><sp/><sp/><sp/><sp/></highlight><highlight class="keywordflow">return</highlight><highlight class="normal"><sp/>coord;</highlight></codeline>
<codeline lineno="44"><highlight class="normal">}</highlight></codeline>
<codeline lineno="45"><highlight class="normal"></highlight></codeline>
<codeline lineno="46"><highlight class="normal"></highlight><highlight class="keywordtype">int</highlight><highlight class="normal"><sp/><ref refid="auxiliares_8h_1a5679b2ed29ad7be4b942dd7ce0562a4e" kindref="member">encurralada</ref><sp/>(<ref refid="structESTADO" kindref="compound">ESTADO</ref><sp/>*e){</highlight></codeline>
<codeline lineno="47"><highlight class="normal"><sp/><sp/><sp/><sp/><ref refid="structnodo" kindref="compound">LISTA</ref><sp/>L<sp/>=<sp/>NULL;</highlight></codeline>
<codeline lineno="48"><highlight class="normal"><sp/><sp/><sp/><sp/><ref refid="structnodo" kindref="compound">LISTA</ref><sp/>l<sp/>=<sp/><ref refid="auxiliares_8h_1a1aea03240fe093e7eef97e0412298e7b" kindref="member">jogadas_possiveis</ref>(e,L);</highlight></codeline>
<codeline lineno="49"><highlight class="normal"><sp/><sp/><sp/><sp/></highlight><highlight class="keywordflow">if</highlight><highlight class="normal"><sp/>(l<sp/>==<sp/>NULL)<sp/></highlight><highlight class="keywordflow">return</highlight><highlight class="normal"><sp/>1;</highlight></codeline>
<codeline lineno="50"><highlight class="normal"><sp/><sp/><sp/><sp/></highlight><highlight class="keywordflow">else</highlight><highlight class="normal"><sp/></highlight><highlight class="keywordflow">return</highlight><highlight class="normal"><sp/>0;</highlight></codeline>
<codeline lineno="51"><highlight class="normal">}</highlight></codeline>
<codeline lineno="52"><highlight class="normal"></highlight></codeline>
<codeline lineno="53"><highlight class="normal"></highlight></codeline>
<codeline lineno="54"><highlight class="normal"></highlight><highlight class="keywordtype">int</highlight><highlight class="normal"><sp/><ref refid="camada__interface_8h_1a46dad883a01f5f7b06944a3bbe317b84" kindref="member">deteta_fim</ref><sp/>(<ref refid="structESTADO" kindref="compound">ESTADO</ref><sp/>*e){</highlight></codeline>
<codeline lineno="55"><highlight class="normal"><sp/><sp/><sp/><sp/></highlight><highlight class="keywordtype">int</highlight><highlight class="normal"><sp/>fim=0;</highlight></codeline>
<codeline lineno="56"><highlight class="normal"><sp/><sp/><sp/><sp/></highlight><highlight class="keywordflow">if</highlight><highlight class="normal"><sp/>(e-&gt;<ref refid="structESTADO_1ae03c399b73d7a92d7f7ced83e91e5b6f" kindref="member">tab</ref>[0][7]==<ref refid="camada__dados_8h_1aba91601f16d4c485b2d9b8c429f27039ad24485fddec75419fd4a0cc9edda0ca5" kindref="member">BRANCA</ref><sp/>||<sp/>e-&gt;<ref refid="structESTADO_1ae03c399b73d7a92d7f7ced83e91e5b6f" kindref="member">tab</ref>[7][0]==<ref refid="camada__dados_8h_1aba91601f16d4c485b2d9b8c429f27039ad24485fddec75419fd4a0cc9edda0ca5" kindref="member">BRANCA</ref><sp/>||<sp/><ref refid="auxiliares_8h_1a5679b2ed29ad7be4b942dd7ce0562a4e" kindref="member">encurralada</ref>(e)==1)<sp/>fim=1;</highlight></codeline>
<codeline lineno="57"><highlight class="normal"><sp/><sp/><sp/><sp/></highlight><highlight class="keywordflow">return</highlight><highlight class="normal"><sp/>fim;</highlight></codeline>
<codeline lineno="58"><highlight class="normal">}</highlight></codeline>
<codeline lineno="59"><highlight class="normal"></highlight></codeline>
<codeline lineno="60"><highlight class="normal"></highlight><highlight class="keywordtype">int</highlight><highlight class="normal"><sp/><ref refid="camada__logica_8h_1a650916d9bd6f0648c54af321cd1ab655" kindref="member">acabou</ref>(<ref refid="structESTADO" kindref="compound">ESTADO</ref><sp/>*e,<sp/><ref refid="structCOORDENADA" kindref="compound">COORDENADA</ref><sp/>c){</highlight></codeline>
<codeline lineno="61"><highlight class="normal"><sp/><sp/><sp/><sp/></highlight><highlight class="keywordflow">if</highlight><highlight class="normal"><sp/>(e<sp/>-&gt;<sp/>tab[c.linha][c.coluna]<sp/>==<sp/>e<sp/>-&gt;<sp/>tab[0][7])<sp/></highlight><highlight class="keywordflow">return</highlight><highlight class="normal"><sp/>2;</highlight></codeline>
<codeline lineno="62"><highlight class="normal"><sp/><sp/><sp/><sp/></highlight><highlight class="keywordflow">else</highlight><highlight class="normal"><sp/></highlight><highlight class="keywordflow">if</highlight><highlight class="normal"><sp/>(e<sp/>-&gt;<sp/>tab[c.linha][c.coluna]<sp/>==<sp/>e<sp/>-&gt;<sp/>tab[7][0])<sp/></highlight><highlight class="keywordflow">return</highlight><highlight class="normal"><sp/>1;</highlight></codeline>
<codeline lineno="63"><highlight class="normal"><sp/><sp/><sp/><sp/></highlight><highlight class="keywordflow">else</highlight><highlight class="normal"><sp/></highlight><highlight class="keywordflow">return</highlight><highlight class="normal"><sp/>0;</highlight></codeline>
<codeline lineno="64"><highlight class="normal">}</highlight></codeline>
<codeline lineno="65"><highlight class="normal"></highlight></codeline>
<codeline lineno="66"><highlight class="normal"></highlight><highlight class="keywordtype">int</highlight><highlight class="normal"><sp/><ref refid="camada__interface_8h_1ac313d7e553b1e2b5f266acb9bfff8141" kindref="member">jogar</ref>(<ref refid="structESTADO" kindref="compound">ESTADO</ref><sp/>*e,<sp/><ref refid="structCOORDENADA" kindref="compound">COORDENADA</ref><sp/>c)<sp/>{</highlight></codeline>
<codeline lineno="67"><highlight class="normal"><sp/><sp/><sp/><sp/><ref refid="structCOORDENADA" kindref="compound">COORDENADA</ref><sp/>d;</highlight></codeline>
<codeline lineno="68"><highlight class="normal"><sp/><sp/><sp/><sp/></highlight><highlight class="keywordtype">int</highlight><highlight class="normal"><sp/>r<sp/>=<sp/>0;</highlight></codeline>
<codeline lineno="69"><highlight class="normal"><sp/><sp/><sp/><sp/>d=<sp/><ref refid="auxiliares_8h_1a7efad7ce8f98e281be10a2e537de68cb" kindref="member">obter_coord_branca</ref>(e);</highlight></codeline>
<codeline lineno="70"><highlight class="normal"><sp/><sp/><sp/><sp/></highlight><highlight class="keywordflow">if</highlight><highlight class="normal"><sp/>(<ref refid="camada__logica_8h_1ada40878b15d13766c1bc39a643bca062" kindref="member">posicao_valida</ref>(e,c)){</highlight></codeline>
<codeline lineno="71"><highlight class="normal"><sp/><sp/><sp/><sp/><sp/><sp/><sp/><sp/><ref refid="camada__interface_8h_1a64b0d1727bd77bf55502f17ee0a54594" kindref="member">mostra_coordenada</ref>(c);</highlight></codeline>
<codeline lineno="72"><highlight class="normal"><sp/><sp/><sp/><sp/><sp/><sp/><sp/><sp/><ref refid="camada__logica_8h_1aa3041511653989dbd8a4fa4d747deb4e" kindref="member">peca_branca</ref>(e,<sp/>c);</highlight></codeline>
<codeline lineno="73"><highlight class="normal"><sp/><sp/><sp/><sp/><sp/><sp/><sp/><sp/><ref refid="camada__logica_8h_1a88aed9dbea2e3e60f92d45f1741b5b11" kindref="member">peca_preta</ref>(e,<sp/>d);</highlight></codeline>
<codeline lineno="74"><highlight class="normal"><sp/><sp/><sp/><sp/><sp/><sp/><sp/><sp/></highlight><highlight class="keywordflow">if</highlight><highlight class="normal"><sp/>(<sp/><ref refid="auxiliares_8h_1a5679b2ed29ad7be4b942dd7ce0562a4e" kindref="member">encurralada</ref>(e)<sp/>==<sp/>1<sp/>&amp;&amp;<sp/>e<sp/>-&gt;<sp/>jogador_atual<sp/>==<sp/>2)<sp/>r<sp/>=<sp/>1;</highlight></codeline>
<codeline lineno="75"><highlight class="normal"><sp/><sp/><sp/><sp/><sp/><sp/><sp/><sp/></highlight><highlight class="keywordflow">else</highlight><highlight class="normal"><sp/></highlight><highlight class="keywordflow">if</highlight><highlight class="normal"><sp/>(<sp/><ref refid="auxiliares_8h_1a5679b2ed29ad7be4b942dd7ce0562a4e" kindref="member">encurralada</ref>(e)<sp/>==<sp/>1<sp/>&amp;&amp;<sp/>e<sp/>-&gt;<sp/>jogador_atual<sp/>==<sp/>1)<sp/>r<sp/>=<sp/>2;</highlight></codeline>
<codeline lineno="76"><highlight class="normal"><sp/><sp/><sp/><sp/><sp/><sp/><sp/><sp/></highlight><highlight class="keywordflow">else</highlight><highlight class="normal"><sp/></highlight><highlight class="keywordflow">if</highlight><highlight class="normal"><sp/>(<ref refid="camada__logica_8h_1a650916d9bd6f0648c54af321cd1ab655" kindref="member">acabou</ref>(e,c)<sp/>==<sp/>2)<sp/>r<sp/>=<sp/>1;</highlight></codeline>
<codeline lineno="77"><highlight class="normal"><sp/><sp/><sp/><sp/><sp/><sp/><sp/><sp/></highlight><highlight class="keywordflow">else</highlight><highlight class="normal"><sp/></highlight><highlight class="keywordflow">if</highlight><highlight class="normal"><sp/>(<ref refid="camada__logica_8h_1a650916d9bd6f0648c54af321cd1ab655" kindref="member">acabou</ref>(e,c)<sp/>==<sp/>1)<sp/>r<sp/>=<sp/>2;</highlight></codeline>
<codeline lineno="78"><highlight class="normal"><sp/><sp/><sp/><sp/>}</highlight></codeline>
<codeline lineno="79"><highlight class="normal"><sp/><sp/><sp/><sp/></highlight><highlight class="keywordflow">else</highlight><highlight class="normal"><sp/></highlight><highlight class="keywordflow">if</highlight><highlight class="normal"><sp/>(e-&gt;<ref refid="structESTADO_1ae03c399b73d7a92d7f7ced83e91e5b6f" kindref="member">tab</ref>[c.linha][c.coluna]==<ref refid="camada__dados_8h_1aba91601f16d4c485b2d9b8c429f27039a007278eb3827d19891b47cdd3ac8846d" kindref="member">PRETA</ref><sp/>||<sp/>!<ref refid="camada__logica_8h_1ada40878b15d13766c1bc39a643bca062" kindref="member">posicao_valida</ref>(e,c))<sp/>r<sp/>=<sp/>3;</highlight></codeline>
<codeline lineno="80"><highlight class="normal"><sp/><sp/><sp/><sp/></highlight><highlight class="keywordflow">return</highlight><highlight class="normal"><sp/>r;</highlight></codeline>
<codeline lineno="81"><highlight class="normal">}</highlight></codeline>
<codeline lineno="82"><highlight class="normal"></highlight></codeline>
<codeline lineno="83"><highlight class="normal"></highlight><highlight class="keywordtype">int</highlight><highlight class="normal"><sp/><ref refid="auxiliares_8h_1a0b947e7c09ac1c526a7d2cc4a35db3fa" kindref="member">ler</ref>(<ref refid="structESTADO" kindref="compound">ESTADO</ref><sp/>*e,<sp/></highlight><highlight class="keywordtype">char</highlight><highlight class="normal"><sp/>fich[]){</highlight></codeline>
<codeline lineno="84"><highlight class="normal"><sp/><sp/><sp/><sp/>FILE<sp/>*fp;</highlight></codeline>
<codeline lineno="85"><highlight class="normal"><sp/><sp/><sp/><sp/></highlight><highlight class="keywordtype">char</highlight><highlight class="normal"><sp/>buff[BUF_SIZE];</highlight></codeline>
<codeline lineno="86"><highlight class="normal"><sp/><sp/><sp/><sp/></highlight><highlight class="keywordtype">char</highlight><highlight class="normal"><sp/>a;</highlight></codeline>
<codeline lineno="87"><highlight class="normal"><sp/><sp/><sp/><sp/></highlight><highlight class="keywordtype">int</highlight><highlight class="normal"><sp/>j,<sp/>i;</highlight></codeline>
<codeline lineno="88"><highlight class="normal"><sp/><sp/><sp/><sp/>fp=fopen(fich,<sp/></highlight><highlight class="stringliteral">&quot;r&quot;</highlight><highlight class="normal">);</highlight></codeline>
<codeline lineno="89"><highlight class="normal"><sp/><sp/><sp/><sp/>fseek(fp,<sp/>0,<sp/>SEEK_SET);</highlight></codeline>
<codeline lineno="90"><highlight class="normal"><sp/><sp/><sp/><sp/></highlight><highlight class="keywordflow">for</highlight><highlight class="normal">(j=0;<sp/>j&lt;8;<sp/>j++)<sp/>{</highlight></codeline>
<codeline lineno="91"><highlight class="normal"><sp/><sp/><sp/><sp/><sp/><sp/><sp/><sp/></highlight><highlight class="keywordflow">for</highlight><highlight class="normal"><sp/>(i=0;<sp/>i&lt;8;<sp/>i++)<sp/>{</highlight></codeline>
<codeline lineno="92"><highlight class="normal"><sp/><sp/><sp/><sp/><sp/><sp/><sp/><sp/><sp/><sp/><sp/><sp/></highlight><highlight class="keywordflow">if</highlight><highlight class="normal"><sp/>(fscanf(fp,<sp/></highlight><highlight class="stringliteral">&quot;%c<sp/>&quot;</highlight><highlight class="normal"><sp/>,&amp;a)<sp/>==<sp/>1)<sp/>{</highlight></codeline>
<codeline lineno="93"><highlight class="normal"><sp/><sp/><sp/><sp/><sp/><sp/><sp/><sp/><sp/><sp/><sp/><sp/><sp/><sp/><sp/><sp/></highlight><highlight class="keywordflow">if</highlight><highlight class="normal"><sp/>(a<sp/>==<sp/></highlight><highlight class="charliteral">&apos;.&apos;</highlight><highlight class="normal">)<sp/>e-&gt;<ref refid="structESTADO_1ae03c399b73d7a92d7f7ced83e91e5b6f" kindref="member">tab</ref>[j][i]<sp/>=<sp/><ref refid="camada__dados_8h_1aba91601f16d4c485b2d9b8c429f27039abc711f491a56ec7af7a688be508c5113" kindref="member">VAZIO</ref>;</highlight></codeline>
<codeline lineno="94"><highlight class="normal"><sp/><sp/><sp/><sp/><sp/><sp/><sp/><sp/><sp/><sp/><sp/><sp/><sp/><sp/><sp/><sp/></highlight><highlight class="keywordflow">else</highlight><highlight class="normal"><sp/></highlight><highlight class="keywordflow">if</highlight><highlight class="normal"><sp/>(a<sp/>==<sp/></highlight><highlight class="charliteral">&apos;#&apos;</highlight><highlight class="normal">)<sp/>e-&gt;<ref refid="structESTADO_1ae03c399b73d7a92d7f7ced83e91e5b6f" kindref="member">tab</ref>[j][i]<sp/>=<sp/><ref refid="camada__dados_8h_1aba91601f16d4c485b2d9b8c429f27039a007278eb3827d19891b47cdd3ac8846d" kindref="member">PRETA</ref>;</highlight></codeline>
<codeline lineno="95"><highlight class="normal"><sp/><sp/><sp/><sp/><sp/><sp/><sp/><sp/><sp/><sp/><sp/><sp/><sp/><sp/><sp/><sp/></highlight><highlight class="keywordflow">else</highlight><highlight class="normal"><sp/></highlight><highlight class="keywordflow">if</highlight><highlight class="normal"><sp/>(a<sp/>==<sp/></highlight><highlight class="charliteral">&apos;*&apos;</highlight><highlight class="normal">)<sp/>e-&gt;<ref refid="structESTADO_1ae03c399b73d7a92d7f7ced83e91e5b6f" kindref="member">tab</ref>[j][i]<sp/>=<sp/><ref refid="camada__dados_8h_1aba91601f16d4c485b2d9b8c429f27039ad24485fddec75419fd4a0cc9edda0ca5" kindref="member">BRANCA</ref>;</highlight></codeline>
<codeline lineno="96"><highlight class="normal"><sp/><sp/><sp/><sp/><sp/><sp/><sp/><sp/><sp/><sp/><sp/><sp/><sp/><sp/><sp/><sp/></highlight><highlight class="keywordflow">else</highlight><highlight class="normal"><sp/></highlight><highlight class="keywordflow">if</highlight><highlight class="normal"><sp/>(a<sp/>==<sp/></highlight><highlight class="charliteral">&apos;2&apos;</highlight><highlight class="normal">)<sp/>e-&gt;<ref refid="structESTADO_1ae03c399b73d7a92d7f7ced83e91e5b6f" kindref="member">tab</ref>[j][i]<sp/>=<sp/><ref refid="camada__dados_8h_1aba91601f16d4c485b2d9b8c429f27039a15421bcb42ff42b5d6a8ba24d6ebfb88" kindref="member">JOG2</ref>;</highlight></codeline>
<codeline lineno="97"><highlight class="normal"><sp/><sp/><sp/><sp/><sp/><sp/><sp/><sp/><sp/><sp/><sp/><sp/><sp/><sp/><sp/><sp/></highlight><highlight class="keywordflow">else</highlight><highlight class="normal"><sp/></highlight><highlight class="keywordflow">if</highlight><highlight class="normal"><sp/>(a<sp/>==<sp/></highlight><highlight class="charliteral">&apos;1&apos;</highlight><highlight class="normal">)<sp/>e-&gt;<ref refid="structESTADO_1ae03c399b73d7a92d7f7ced83e91e5b6f" kindref="member">tab</ref>[j][i]<sp/>=<sp/><ref refid="camada__dados_8h_1aba91601f16d4c485b2d9b8c429f27039a8ff080ca8f3143a71121a37a8e6596d8" kindref="member">JOG1</ref>;</highlight></codeline>
<codeline lineno="98"><highlight class="normal"><sp/><sp/><sp/><sp/><sp/><sp/><sp/><sp/><sp/><sp/><sp/><sp/>}</highlight></codeline>
<codeline lineno="99"><highlight class="normal"><sp/><sp/><sp/><sp/><sp/><sp/><sp/><sp/>}</highlight></codeline>
<codeline lineno="100"><highlight class="normal"><sp/><sp/><sp/><sp/>}</highlight></codeline>
<codeline lineno="101"><highlight class="normal"><sp/><sp/><sp/><sp/><ref refid="auxiliares_8h_1aa0b6c1689e60ac852a73d67e066c1df5" kindref="member">mostrar_tabuleiro</ref>(e);</highlight></codeline>
<codeline lineno="102"><highlight class="normal"><sp/><sp/><sp/><sp/></highlight><highlight class="keywordflow">while</highlight><highlight class="normal">(fgets(buff,<sp/>BUF_SIZE,<sp/>fp))<sp/>{</highlight></codeline>
<codeline lineno="103"><highlight class="normal"><sp/><sp/><sp/><sp/><sp/><sp/><sp/><sp/>printf(</highlight><highlight class="stringliteral">&quot;%s&quot;</highlight><highlight class="normal">,<sp/>buff);</highlight></codeline>
<codeline lineno="104"><highlight class="normal"><sp/><sp/><sp/><sp/>}</highlight></codeline>
<codeline lineno="105"><highlight class="normal"><sp/><sp/><sp/><sp/>printf(</highlight><highlight class="stringliteral">&quot;\n&quot;</highlight><highlight class="normal">);</highlight></codeline>
<codeline lineno="106"><highlight class="normal"><sp/><sp/><sp/><sp/>fclose(fp);</highlight></codeline>
<codeline lineno="107"><highlight class="normal"><sp/><sp/><sp/><sp/></highlight><highlight class="keywordflow">return</highlight><highlight class="normal"><sp/>0;</highlight></codeline>
<codeline lineno="108"><highlight class="normal">}</highlight></codeline>
<codeline lineno="109"><highlight class="normal"></highlight></codeline>
<codeline lineno="110"><highlight class="normal"></highlight><highlight class="keywordtype">void</highlight><highlight class="normal"><sp/><ref refid="camada__logica_8h_1ad45761e978e0d934e639d5bc4da09e7e" kindref="member">guarda_jogada</ref>(<ref refid="structESTADO" kindref="compound">ESTADO</ref><sp/>*e,<sp/><ref refid="structCOORDENADA" kindref="compound">COORDENADA</ref><sp/>c,<sp/></highlight><highlight class="keywordtype">int</highlight><highlight class="normal"><sp/>turno){</highlight></codeline>
<codeline lineno="111"><highlight class="normal"><sp/><sp/><sp/><sp/></highlight><highlight class="keywordtype">int</highlight><highlight class="normal"><sp/>jog<sp/>=<sp/>e-&gt;<ref refid="structESTADO_1a5dd28e2e68b7aef2b6b7ea88e02eff58" kindref="member">jogador_atual</ref>;</highlight></codeline>
<codeline lineno="112"><highlight class="normal"><sp/><sp/><sp/><sp/></highlight><highlight class="keywordflow">if</highlight><highlight class="normal"><sp/>(jog==1)<sp/>e-&gt;<ref refid="structESTADO_1afae43b87a488fad0f2b56a18bad31d18" kindref="member">jogadas</ref>[turno-1].jogador1=c;</highlight></codeline>
<codeline lineno="113"><highlight class="normal"><sp/><sp/><sp/><sp/></highlight><highlight class="keywordflow">else</highlight><highlight class="normal"><sp/><sp/>e-&gt;<ref refid="structESTADO_1afae43b87a488fad0f2b56a18bad31d18" kindref="member">jogadas</ref>[turno-1].jogador2=c;</highlight></codeline>
<codeline lineno="114"><highlight class="normal">}</highlight></codeline>
<codeline lineno="115"><highlight class="normal"></highlight></codeline>
<codeline lineno="116"><highlight class="normal"></highlight><highlight class="keywordtype">char</highlight><highlight class="normal">*<sp/><ref refid="auxiliares_8h_1a91008dcf7eed26e9f8986c527dd7b2d3" kindref="member">to_string</ref>(</highlight><highlight class="keywordtype">int</highlight><highlight class="normal"><sp/>x,<sp/></highlight><highlight class="keywordtype">int</highlight><highlight class="normal"><sp/>y){</highlight></codeline>
<codeline lineno="117"><highlight class="normal"><sp/><sp/><sp/><sp/></highlight><highlight class="keywordtype">char</highlight><highlight class="normal"><sp/>*v=malloc(</highlight><highlight class="keyword">sizeof</highlight><highlight class="normal">(1));</highlight></codeline>
<codeline lineno="118"><highlight class="normal"><sp/><sp/><sp/><sp/>v[0]=x+48;</highlight></codeline>
<codeline lineno="119"><highlight class="normal"><sp/><sp/><sp/><sp/>v[1]=y+48;</highlight></codeline>
<codeline lineno="120"><highlight class="normal"><sp/><sp/><sp/><sp/></highlight><highlight class="keywordflow">return</highlight><highlight class="normal"><sp/>v;</highlight></codeline>
<codeline lineno="121"><highlight class="normal">}</highlight></codeline>
<codeline lineno="122"><highlight class="normal"></highlight></codeline>
<codeline lineno="123"><highlight class="normal"><ref refid="structCOORDENADA" kindref="compound">COORDENADA</ref><sp/><ref refid="auxiliares_8h_1a5bf23e2e67f5cc232d1281ad8d3589ff" kindref="member">to_int</ref>(</highlight><highlight class="keywordtype">char</highlight><highlight class="normal"><sp/>v[]){</highlight></codeline>
<codeline lineno="124"><highlight class="normal"><sp/><sp/><sp/><sp/></highlight><highlight class="keywordtype">int</highlight><highlight class="normal"><sp/>d<sp/>=<sp/>v[0]-48,<sp/>d1<sp/>=<sp/>v[1]-48;</highlight></codeline>
<codeline lineno="125"><highlight class="normal"><sp/><sp/><sp/><sp/><ref refid="structCOORDENADA" kindref="compound">COORDENADA</ref><sp/>c;</highlight></codeline>
<codeline lineno="126"><highlight class="normal"><sp/><sp/><sp/><sp/>c.linha<sp/>=<sp/>d;</highlight></codeline>
<codeline lineno="127"><highlight class="normal"><sp/><sp/><sp/><sp/>c.coluna<sp/>=<sp/>d1;</highlight></codeline>
<codeline lineno="128"><highlight class="normal"><sp/><sp/><sp/><sp/></highlight><highlight class="keywordflow">return</highlight><highlight class="normal"><sp/>c;</highlight></codeline>
<codeline lineno="129"><highlight class="normal">}</highlight></codeline>
<codeline lineno="130"><highlight class="normal"></highlight></codeline>
<codeline lineno="131"><highlight class="normal"><ref refid="structnodo" kindref="compound">LISTA</ref><sp/><ref refid="auxiliares_8h_1a1aea03240fe093e7eef97e0412298e7b" kindref="member">jogadas_possiveis</ref>(<ref refid="structESTADO" kindref="compound">ESTADO</ref><sp/>*e,<sp/><ref refid="structnodo" kindref="compound">LISTA</ref><sp/>l)<sp/>{</highlight></codeline>
<codeline lineno="132"><highlight class="normal"><sp/><sp/><sp/><sp/><ref refid="structCOORDENADA" kindref="compound">COORDENADA</ref><sp/>u;</highlight></codeline>
<codeline lineno="133"><highlight class="normal"><sp/><sp/><sp/><sp/>u<sp/>=<sp/><ref refid="auxiliares_8h_1a7efad7ce8f98e281be10a2e537de68cb" kindref="member">obter_coord_branca</ref>(e);</highlight></codeline>
<codeline lineno="134"><highlight class="normal"><sp/><sp/><sp/><sp/></highlight><highlight class="keywordtype">int</highlight><highlight class="normal"><sp/>i,<sp/>j;</highlight></codeline>
<codeline lineno="135"><highlight class="normal"><sp/><sp/><sp/><sp/></highlight><highlight class="keywordflow">for</highlight><highlight class="normal"><sp/>(j<sp/>=<sp/>0;<sp/>j<sp/>&lt;<sp/>8;<sp/>j++)<sp/>{</highlight></codeline>
<codeline lineno="136"><highlight class="normal"><sp/><sp/><sp/><sp/><sp/><sp/><sp/><sp/></highlight><highlight class="keywordflow">for</highlight><highlight class="normal"><sp/>(i<sp/>=<sp/>0;<sp/>i<sp/>&lt;<sp/>8;<sp/>i++)<sp/>{</highlight></codeline>
<codeline lineno="137"><highlight class="normal"><sp/><sp/><sp/><sp/><sp/><sp/><sp/><sp/><sp/><sp/><sp/><sp/></highlight><highlight class="keywordtype">double</highlight><highlight class="normal"><sp/>distancia<sp/><sp/>=<sp/><ref refid="auxiliares_8h_1a43134a0efdc6f282be9a7f83997e8fc9" kindref="member">dist</ref>(j,<sp/>i,<sp/>u.linha,<sp/>u.coluna)<sp/>;</highlight></codeline>
<codeline lineno="138"><highlight class="normal"><sp/><sp/><sp/><sp/><sp/><sp/><sp/><sp/><sp/><sp/><sp/><sp/></highlight><highlight class="keywordflow">if</highlight><highlight class="normal"><sp/>((distancia<sp/>==<sp/>1<sp/>||<sp/>distancia<sp/>==<sp/>sqrt(2))<sp/>&amp;&amp;<sp/>(e-&gt;<ref refid="structESTADO_1ae03c399b73d7a92d7f7ced83e91e5b6f" kindref="member">tab</ref>[j][i]<sp/>==<sp/><ref refid="camada__dados_8h_1aba91601f16d4c485b2d9b8c429f27039abc711f491a56ec7af7a688be508c5113" kindref="member">VAZIO</ref><sp/>||<sp/>e-&gt;<ref refid="structESTADO_1ae03c399b73d7a92d7f7ced83e91e5b6f" kindref="member">tab</ref>[j][i]<sp/>==<sp/><ref refid="camada__dados_8h_1aba91601f16d4c485b2d9b8c429f27039a8ff080ca8f3143a71121a37a8e6596d8" kindref="member">JOG1</ref><sp/>||<sp/>e-&gt;<ref refid="structESTADO_1ae03c399b73d7a92d7f7ced83e91e5b6f" kindref="member">tab</ref>[j][i]<sp/>==<sp/><ref refid="camada__dados_8h_1aba91601f16d4c485b2d9b8c429f27039a15421bcb42ff42b5d6a8ba24d6ebfb88" kindref="member">JOG2</ref>))<sp/>{</highlight></codeline>
<codeline lineno="139"><highlight class="normal"><sp/><sp/><sp/><sp/><sp/><sp/><sp/><sp/><sp/><sp/><sp/><sp/><sp/><sp/><sp/><sp/></highlight><highlight class="keywordtype">char</highlight><highlight class="normal">*<sp/>t=<sp/><ref refid="auxiliares_8h_1a91008dcf7eed26e9f8986c527dd7b2d3" kindref="member">to_string</ref>(j,<sp/>i);</highlight></codeline>
<codeline lineno="140"><highlight class="normal"><sp/><sp/><sp/><sp/><sp/><sp/><sp/><sp/><sp/><sp/><sp/><sp/><sp/><sp/><sp/><sp/>l<sp/>=<sp/><ref refid="auxiliares_8h_1a37ba5fc3cfddb6bc94d4b54b00bc696e" kindref="member">insere_cabeca</ref>(l,<sp/>t);</highlight></codeline>
<codeline lineno="141"><highlight class="normal"><sp/><sp/><sp/><sp/><sp/><sp/><sp/><sp/><sp/><sp/><sp/><sp/>}</highlight></codeline>
<codeline lineno="142"><highlight class="normal"><sp/><sp/><sp/><sp/><sp/><sp/><sp/><sp/>}</highlight></codeline>
<codeline lineno="143"><highlight class="normal"><sp/><sp/><sp/><sp/>}</highlight></codeline>
<codeline lineno="144"><highlight class="normal"><sp/><sp/><sp/><sp/></highlight><highlight class="keywordflow">return</highlight><highlight class="normal"><sp/>l;</highlight></codeline>
<codeline lineno="145"><highlight class="normal">}</highlight></codeline>
    </programlisting>
    <location file="camada_logica.c"/>
  </compounddef>
</doxygen>
