<?xml version='1.0' encoding='UTF-8' standalone='no'?>
<doxygen xmlns:xsi="http://www.w3.org/2001/XMLSchema-instance" xsi:noNamespaceSchemaLocation="compound.xsd" version="1.8.13">
  <compounddef id="camada__dados_8c" kind="file" language="C++">
    <compoundname>camada_dados.c</compoundname>
    <includes refid="camada__dados_8h" local="yes">camada_dados.h</includes>
    <includes refid="camada__interface_8h" local="yes">camada_interface.h</includes>
    <includes local="no">stdio.h</includes>
    <includes local="no">stdlib.h</includes>
    <includes local="no">string.h</includes>
    <incdepgraph>
      <node id="29">
        <label>stdlib.h</label>
      </node>
      <node id="31">
        <label>camada_interface.h</label>
        <link refid="camada__interface_8h"/>
        <childnode refid="27" relation="include">
        </childnode>
        <childnode refid="32" relation="include">
        </childnode>
      </node>
      <node id="30">
        <label>string.h</label>
      </node>
      <node id="32">
        <label>listas.h</label>
        <link refid="listas_8h"/>
        <childnode refid="27" relation="include">
        </childnode>
      </node>
      <node id="26">
        <label>camada_dados.c</label>
        <link refid="camada__dados_8c"/>
        <childnode refid="27" relation="include">
        </childnode>
        <childnode refid="31" relation="include">
        </childnode>
        <childnode refid="28" relation="include">
        </childnode>
        <childnode refid="29" relation="include">
        </childnode>
        <childnode refid="30" relation="include">
        </childnode>
      </node>
      <node id="27">
        <label>camada_dados.h</label>
        <link refid="camada__dados_8h"/>
        <childnode refid="28" relation="include">
        </childnode>
        <childnode refid="29" relation="include">
        </childnode>
        <childnode refid="30" relation="include">
        </childnode>
      </node>
      <node id="28">
        <label>stdio.h</label>
      </node>
    </incdepgraph>
      <sectiondef kind="func">
      <memberdef kind="function" id="camada__dados_8c_1a7e0c7e26fb685d9ab501e19b05e6954f" prot="public" static="no" const="no" explicit="no" inline="no" virt="non-virtual">
        <type><ref refid="structESTADO" kindref="compound">ESTADO</ref> *</type>
        <definition>ESTADO* inicializar_estado</definition>
        <argsstring>()</argsstring>
        <name>inicializar_estado</name>
        <briefdescription>
<para>Inicializa o valor do estado Esta função inicializa o valor do estado. Isso implica a peça branca ser colocada na posição inicial e todos os campos do estado estarem com o valor por omissão. </para>        </briefdescription>
        <detaileddescription>
<para><simplesect kind="return"><para>O novo estado </para></simplesect>
</para>        </detaileddescription>
        <inbodydescription>
        </inbodydescription>
        <location file="camada_dados.c" line="7" column="1" bodyfile="camada_dados.c" bodystart="7" bodyend="22"/>
      </memberdef>
      </sectiondef>
    <briefdescription>
    </briefdescription>
    <detaileddescription>
    </detaileddescription>
    <programlisting>
<codeline lineno="1"><highlight class="preprocessor">#include<sp/>&quot;<ref refid="camada__dados_8h" kindref="compound">camada_dados.h</ref>&quot;</highlight><highlight class="normal"></highlight></codeline>
<codeline lineno="2"><highlight class="normal"></highlight><highlight class="preprocessor">#include<sp/>&quot;<ref refid="camada__interface_8h" kindref="compound">camada_interface.h</ref>&quot;</highlight><highlight class="normal"></highlight></codeline>
<codeline lineno="3"><highlight class="normal"></highlight><highlight class="preprocessor">#include<sp/>&lt;stdio.h&gt;</highlight><highlight class="normal"></highlight></codeline>
<codeline lineno="4"><highlight class="normal"></highlight><highlight class="preprocessor">#include<sp/>&lt;stdlib.h&gt;</highlight><highlight class="normal"></highlight></codeline>
<codeline lineno="5"><highlight class="normal"></highlight><highlight class="preprocessor">#include<sp/>&lt;string.h&gt;</highlight><highlight class="normal"></highlight></codeline>
<codeline lineno="6"><highlight class="normal"></highlight></codeline>
<codeline lineno="7"><highlight class="normal"><ref refid="structESTADO" kindref="compound">ESTADO</ref><sp/>*<ref refid="auxiliares_8h_1a7e0c7e26fb685d9ab501e19b05e6954f" kindref="member">inicializar_estado</ref>(){</highlight></codeline>
<codeline lineno="8"><highlight class="normal"><sp/><sp/><sp/><sp/><ref refid="structESTADO" kindref="compound">ESTADO</ref><sp/>*e<sp/>=<sp/>(<ref refid="structESTADO" kindref="compound">ESTADO</ref><sp/>*)<sp/>malloc(</highlight><highlight class="keyword">sizeof</highlight><highlight class="normal">(<ref refid="structESTADO" kindref="compound">ESTADO</ref>));</highlight></codeline>
<codeline lineno="9"><highlight class="normal"><sp/><sp/><sp/><sp/>e-&gt;<ref refid="structESTADO_1a5dd28e2e68b7aef2b6b7ea88e02eff58" kindref="member">jogador_atual</ref><sp/>=<sp/>1;</highlight></codeline>
<codeline lineno="10"><highlight class="normal"><sp/><sp/><sp/><sp/>e-&gt;<ref refid="structESTADO_1a261495728744647e618b4e623f5a4b7a" kindref="member">num_jogadas</ref><sp/>=<sp/>0;</highlight></codeline>
<codeline lineno="11"><highlight class="normal"><sp/><sp/><sp/><sp/></highlight><highlight class="keywordflow">for</highlight><highlight class="normal"><sp/>(</highlight><highlight class="keywordtype">int</highlight><highlight class="normal"><sp/>j=0;<sp/>j&lt;8;<sp/>j++){</highlight></codeline>
<codeline lineno="12"><highlight class="normal"><sp/><sp/><sp/><sp/><sp/><sp/><sp/><sp/></highlight><highlight class="keywordflow">for</highlight><highlight class="normal"><sp/>(</highlight><highlight class="keywordtype">int</highlight><highlight class="normal"><sp/>i<sp/>=<sp/>0;<sp/>i&lt;8;<sp/>i++)</highlight></codeline>
<codeline lineno="13"><highlight class="normal"><sp/><sp/><sp/><sp/><sp/><sp/><sp/><sp/>{</highlight></codeline>
<codeline lineno="14"><highlight class="normal"><sp/><sp/><sp/><sp/><sp/><sp/><sp/><sp/><sp/><sp/><sp/><sp/></highlight><highlight class="keywordflow">if</highlight><highlight class="normal"><sp/>(j==3<sp/>&amp;&amp;<sp/>i==4)<sp/>e-&gt;<ref refid="structESTADO_1ae03c399b73d7a92d7f7ced83e91e5b6f" kindref="member">tab</ref>[j][i]=<ref refid="camada__dados_8h_1aba91601f16d4c485b2d9b8c429f27039ad24485fddec75419fd4a0cc9edda0ca5" kindref="member">BRANCA</ref>;</highlight></codeline>
<codeline lineno="15"><highlight class="normal"><sp/><sp/><sp/><sp/><sp/><sp/><sp/><sp/><sp/><sp/><sp/><sp/></highlight><highlight class="keywordflow">else</highlight><highlight class="normal"><sp/></highlight><highlight class="keywordflow">if</highlight><highlight class="normal"><sp/>(j==7<sp/>&amp;&amp;<sp/>i==0)<sp/>e-&gt;<ref refid="structESTADO_1ae03c399b73d7a92d7f7ced83e91e5b6f" kindref="member">tab</ref>[j][i]=<ref refid="camada__dados_8h_1aba91601f16d4c485b2d9b8c429f27039a8ff080ca8f3143a71121a37a8e6596d8" kindref="member">JOG1</ref>;</highlight></codeline>
<codeline lineno="16"><highlight class="normal"><sp/><sp/><sp/><sp/><sp/><sp/><sp/><sp/><sp/><sp/><sp/><sp/></highlight><highlight class="keywordflow">else</highlight><highlight class="normal"><sp/></highlight><highlight class="keywordflow">if</highlight><highlight class="normal"><sp/>(j==0<sp/>&amp;&amp;<sp/>i==7)<sp/>e-&gt;<ref refid="structESTADO_1ae03c399b73d7a92d7f7ced83e91e5b6f" kindref="member">tab</ref>[j][i]=<ref refid="camada__dados_8h_1aba91601f16d4c485b2d9b8c429f27039a15421bcb42ff42b5d6a8ba24d6ebfb88" kindref="member">JOG2</ref>;</highlight></codeline>
<codeline lineno="17"><highlight class="normal"><sp/><sp/><sp/><sp/><sp/><sp/><sp/><sp/><sp/><sp/><sp/><sp/></highlight><highlight class="keywordflow">else</highlight><highlight class="normal"><sp/>e-&gt;<ref refid="structESTADO_1ae03c399b73d7a92d7f7ced83e91e5b6f" kindref="member">tab</ref>[j][i]=<ref refid="camada__dados_8h_1aba91601f16d4c485b2d9b8c429f27039abc711f491a56ec7af7a688be508c5113" kindref="member">VAZIO</ref>;</highlight></codeline>
<codeline lineno="18"><highlight class="normal"><sp/><sp/><sp/><sp/><sp/><sp/><sp/><sp/>}</highlight></codeline>
<codeline lineno="19"><highlight class="normal"><sp/><sp/><sp/><sp/>}</highlight></codeline>
<codeline lineno="20"><highlight class="normal"><sp/><sp/><sp/><sp/><ref refid="auxiliares_8h_1aa0b6c1689e60ac852a73d67e066c1df5" kindref="member">mostrar_tabuleiro</ref><sp/>(e);</highlight></codeline>
<codeline lineno="21"><highlight class="normal"><sp/><sp/><sp/><sp/></highlight><highlight class="keywordflow">return</highlight><highlight class="normal"><sp/>e;</highlight></codeline>
<codeline lineno="22"><highlight class="normal">}</highlight></codeline>
    </programlisting>
    <location file="camada_dados.c"/>
  </compounddef>
</doxygen>
