<?xml version='1.0' encoding='UTF-8' standalone='no'?>
<doxygen xmlns:xsi="http://www.w3.org/2001/XMLSchema-instance" xsi:noNamespaceSchemaLocation="compound.xsd" version="1.8.13">
  <compounddef id="camada__interface_8h" kind="file" language="C++">
    <compoundname>camada_interface.h</compoundname>
    <includes refid="camada__dados_8h" local="yes">camada_dados.h</includes>
    <includes refid="listas_8h" local="yes">listas.h</includes>
    <includedby refid="camada__dados_8c" local="yes">camada_dados.c</includedby>
    <includedby refid="camada__interface_8c" local="yes">camada_interface.c</includedby>
    <includedby refid="camada__logica_8c" local="yes">camada_logica.c</includedby>
    <includedby refid="main_8c" local="yes">main.c</includedby>
    <incdepgraph>
      <node id="56">
        <label>stdlib.h</label>
      </node>
      <node id="53">
        <label>camada_interface.h</label>
        <link refid="camada__interface_8h"/>
        <childnode refid="54" relation="include">
        </childnode>
        <childnode refid="58" relation="include">
        </childnode>
      </node>
      <node id="57">
        <label>string.h</label>
      </node>
      <node id="58">
        <label>listas.h</label>
        <link refid="listas_8h"/>
        <childnode refid="54" relation="include">
        </childnode>
      </node>
      <node id="54">
        <label>camada_dados.h</label>
        <link refid="camada__dados_8h"/>
        <childnode refid="55" relation="include">
        </childnode>
        <childnode refid="56" relation="include">
        </childnode>
        <childnode refid="57" relation="include">
        </childnode>
      </node>
      <node id="55">
        <label>stdio.h</label>
      </node>
    </incdepgraph>
      <sectiondef kind="func">
      <memberdef kind="function" id="camada__interface_8h_1a24da95ebeede4a540e37790ce8be359b" prot="public" static="no" const="no" explicit="no" inline="no" virt="non-virtual">
        <type>int</type>
        <definition>int interpretador</definition>
        <argsstring>(ESTADO *e)</argsstring>
        <name>interpretador</name>
        <param>
          <type><ref refid="structESTADO" kindref="compound">ESTADO</ref> *</type>
          <declname>e</declname>
        </param>
        <briefdescription>
<para>Função que recebe o estado do jogo e interpreta os comandos para efetuar a jogada que o jogador pretende. </para>        </briefdescription>
        <detaileddescription>
<para><parameterlist kind="param"><parameteritem>
<parameternamelist>
<parametername>e</parametername>
</parameternamelist>
<parameterdescription>
<para>Apontador para o estado </para></parameterdescription>
</parameteritem>
</parameterlist>
<simplesect kind="return"><para>Retorna 0 se o utilizador não introduziu uma das casas do tabuleiro e 1 caso o faça </para></simplesect>
</para>        </detaileddescription>
        <inbodydescription>
        </inbodydescription>
        <location file="camada_interface.h" line="18" column="1" bodyfile="camada_interface.c" bodystart="227" bodyend="317"/>
      </memberdef>
      <memberdef kind="function" id="camada__interface_8h_1aa0b6c1689e60ac852a73d67e066c1df5" prot="public" static="no" const="no" explicit="no" inline="no" virt="non-virtual">
        <type>void</type>
        <definition>void mostrar_tabuleiro</definition>
        <argsstring>(ESTADO *e)</argsstring>
        <name>mostrar_tabuleiro</name>
        <param>
          <type><ref refid="structESTADO" kindref="compound">ESTADO</ref> *</type>
          <declname>e</declname>
        </param>
        <briefdescription>
<para>Função que recebe o estado do jogo e imprime o tabuleiro. </para>        </briefdescription>
        <detaileddescription>
<para><parameterlist kind="param"><parameteritem>
<parameternamelist>
<parametername>e</parametername>
</parameternamelist>
<parameterdescription>
<para>Apontador para o estado </para></parameterdescription>
</parameteritem>
</parameterlist>
<simplesect kind="return"><para>O tabuleiro </para></simplesect>
</para>        </detaileddescription>
        <inbodydescription>
        </inbodydescription>
        <location file="camada_interface.h" line="25" column="1" bodyfile="auxiliares.c" bodystart="92" bodyend="108"/>
      </memberdef>
      <memberdef kind="function" id="camada__interface_8h_1a64b0d1727bd77bf55502f17ee0a54594" prot="public" static="no" const="no" explicit="no" inline="no" virt="non-virtual">
        <type>int</type>
        <definition>int mostra_coordenada</definition>
        <argsstring>(COORDENADA c)</argsstring>
        <name>mostra_coordenada</name>
        <param>
          <type><ref refid="structCOORDENADA" kindref="compound">COORDENADA</ref></type>
          <declname>c</declname>
        </param>
        <briefdescription>
<para>Função que imprime a coordenada. </para>        </briefdescription>
        <detaileddescription>
<para><parameterlist kind="param"><parameteritem>
<parameternamelist>
<parametername>c</parametername>
</parameternamelist>
<parameterdescription>
<para>Apontador para a Coordenada </para></parameterdescription>
</parameteritem>
</parameterlist>
<simplesect kind="return"><para>A coordenada </para></simplesect>
</para>        </detaileddescription>
        <inbodydescription>
        </inbodydescription>
        <location file="camada_interface.h" line="32" column="1" bodyfile="camada_interface.c" bodystart="40" bodyend="43"/>
      </memberdef>
      <memberdef kind="function" id="camada__interface_8h_1aaf43f8c33d95a67f541fe4616b30bf28" prot="public" static="no" const="no" explicit="no" inline="no" virt="non-virtual">
        <type>int</type>
        <definition>int mostra_resultado</definition>
        <argsstring>(ESTADO *e, COORDENADA c)</argsstring>
        <name>mostra_resultado</name>
        <param>
          <type><ref refid="structESTADO" kindref="compound">ESTADO</ref> *</type>
          <declname>e</declname>
        </param>
        <param>
          <type><ref refid="structCOORDENADA" kindref="compound">COORDENADA</ref></type>
          <declname>c</declname>
        </param>
        <briefdescription>
<para>Função que imprime mensagem de jogada invalida assim como qual dos jogadores ganhou. </para>        </briefdescription>
        <detaileddescription>
<para><parameterlist kind="param"><parameteritem>
<parameternamelist>
<parametername>e</parametername>
</parameternamelist>
<parameterdescription>
<para>Apontador para o estado </para></parameterdescription>
</parameteritem>
<parameteritem>
<parameternamelist>
<parametername>c</parametername>
</parameternamelist>
<parameterdescription>
<para>A coordenada </para></parameterdescription>
</parameteritem>
</parameterlist>
<simplesect kind="return"><para>Mensagem de jogo </para></simplesect>
</para>        </detaileddescription>
        <inbodydescription>
        </inbodydescription>
        <location file="camada_interface.h" line="40" column="1" bodyfile="camada_interface.c" bodystart="45" bodyend="51"/>
      </memberdef>
      <memberdef kind="function" id="camada__interface_8h_1ac313d7e553b1e2b5f266acb9bfff8141" prot="public" static="no" const="no" explicit="no" inline="no" virt="non-virtual">
        <type>int</type>
        <definition>int jogar</definition>
        <argsstring>(ESTADO *e, COORDENADA c)</argsstring>
        <name>jogar</name>
        <param>
          <type><ref refid="structESTADO" kindref="compound">ESTADO</ref> *</type>
          <declname>e</declname>
        </param>
        <param>
          <type><ref refid="structCOORDENADA" kindref="compound">COORDENADA</ref></type>
          <declname>c</declname>
        </param>
        <briefdescription>
<para>Função que recebe o estado do jogo e a coordenada para o qual será movida a peça branca e coloca na coordenada anterior da peça branca uma peça preta e efetua a jogada que o jogador pretende. </para>        </briefdescription>
        <detaileddescription>
<para><parameterlist kind="param"><parameteritem>
<parameternamelist>
<parametername>e</parametername>
</parameternamelist>
<parameterdescription>
<para>Apontador para o estado </para></parameterdescription>
</parameteritem>
<parameteritem>
<parameternamelist>
<parametername>c</parametername>
</parameternamelist>
<parameterdescription>
<para>A coordenada </para></parameterdescription>
</parameteritem>
</parameterlist>
<simplesect kind="return"><para>Peça preta na coordenada anterior da branca </para></simplesect>
</para>        </detaileddescription>
        <inbodydescription>
        </inbodydescription>
        <location file="camada_interface.h" line="48" column="1" bodyfile="camada_logica.c" bodystart="66" bodyend="81"/>
      </memberdef>
      <memberdef kind="function" id="camada__interface_8h_1a46dad883a01f5f7b06944a3bbe317b84" prot="public" static="no" const="no" explicit="no" inline="no" virt="non-virtual">
        <type>int</type>
        <definition>int deteta_fim</definition>
        <argsstring>(ESTADO *e)</argsstring>
        <name>deteta_fim</name>
        <param>
          <type><ref refid="structESTADO" kindref="compound">ESTADO</ref> *</type>
          <declname>e</declname>
        </param>
        <briefdescription>
<para>Função que recebe e o estado e retorna 1 caso o jogo tenha acabado e 0 caso ainda não tenha acabado. </para>        </briefdescription>
        <detaileddescription>
<para><parameterlist kind="param"><parameteritem>
<parameternamelist>
<parametername>e</parametername>
</parameternamelist>
<parameterdescription>
<para>Apontador para o estado </para></parameterdescription>
</parameteritem>
</parameterlist>
<simplesect kind="return"><para>Retorna 1 caso o jogo tenha acabado e 0 caso contrário </para></simplesect>
</para>        </detaileddescription>
        <inbodydescription>
        </inbodydescription>
        <location file="camada_interface.h" line="55" column="1" bodyfile="camada_logica.c" bodystart="54" bodyend="58"/>
      </memberdef>
      <memberdef kind="function" id="camada__interface_8h_1a70bfbeadc5be12c9cb3110cba47c2694" prot="public" static="no" const="no" explicit="no" inline="no" virt="non-virtual">
        <type>int</type>
        <definition>int num</definition>
        <argsstring>(ESTADO *e)</argsstring>
        <name>num</name>
        <param>
          <type><ref refid="structESTADO" kindref="compound">ESTADO</ref> *</type>
          <declname>e</declname>
        </param>
        <briefdescription>
<para>Função que nos da o número de jogadas efetuadas. </para>        </briefdescription>
        <detaileddescription>
<para><parameterlist kind="param"><parameteritem>
<parameternamelist>
<parametername>e</parametername>
</parameternamelist>
<parameterdescription>
<para>Apontador para o estado </para></parameterdescription>
</parameteritem>
</parameterlist>
<simplesect kind="return"><para>Número de jogadas </para></simplesect>
</para>        </detaileddescription>
        <inbodydescription>
        </inbodydescription>
        <location file="camada_interface.h" line="62" column="1" bodyfile="auxiliares.c" bodystart="110" bodyend="113"/>
      </memberdef>
      <memberdef kind="function" id="camada__interface_8h_1a94958a772c2216df312b19e13622700f" prot="public" static="no" const="no" explicit="no" inline="no" virt="non-virtual">
        <type>int</type>
        <definition>int movs</definition>
        <argsstring>(ESTADO *e, int turno)</argsstring>
        <name>movs</name>
        <param>
          <type><ref refid="structESTADO" kindref="compound">ESTADO</ref> *</type>
          <declname>e</declname>
        </param>
        <param>
          <type>int</type>
          <declname>turno</declname>
        </param>
        <briefdescription>
<para>Função que imprime a lista de movimentos que é dada por tantas linhas como jogadas. Cada linha começa com o número da jogada (sempre com dois algarismos) seguinda dos movimentos de cada jogador. </para>        </briefdescription>
        <detaileddescription>
<para><parameterlist kind="param"><parameteritem>
<parameternamelist>
<parametername>e</parametername>
</parameternamelist>
<parameterdescription>
<para>Apontador para o estado </para></parameterdescription>
</parameteritem>
<parameteritem>
<parameternamelist>
<parametername>turno</parametername>
</parameternamelist>
<parameterdescription>
<para>O turno no jogador </para></parameterdescription>
</parameteritem>
</parameterlist>
<simplesect kind="return"><para>Lista de movimentos </para></simplesect>
</para>        </detaileddescription>
        <inbodydescription>
        </inbodydescription>
        <location file="camada_interface.h" line="70" column="1" bodyfile="camada_interface.c" bodystart="58" bodyend="70"/>
      </memberdef>
      <memberdef kind="function" id="camada__interface_8h_1a0f002a3e1122d65b85d09213886f26fe" prot="public" static="no" const="no" explicit="no" inline="no" virt="non-virtual">
        <type>int</type>
        <definition>int gravar</definition>
        <argsstring>(ESTADO *e, char fich[], int turno)</argsstring>
        <name>gravar</name>
        <param>
          <type><ref refid="structESTADO" kindref="compound">ESTADO</ref> *</type>
          <declname>e</declname>
        </param>
        <param>
          <type>char</type>
          <declname>fich</declname>
          <array>[]</array>
        </param>
        <param>
          <type>int</type>
          <declname>turno</declname>
        </param>
        <briefdescription>
<para>Função que recebe e o estado e grava o tabuleiro num ficheiro .txt. </para>        </briefdescription>
        <detaileddescription>
<para><parameterlist kind="param"><parameteritem>
<parameternamelist>
<parametername>e</parametername>
</parameternamelist>
<parameterdescription>
<para>Apontador para o estado </para></parameterdescription>
</parameteritem>
<parameteritem>
<parameternamelist>
<parametername>fich[]</parametername>
</parameternamelist>
<parameterdescription>
<para>Nome do ficheiro inserido pelo utilizador no terminal </para></parameterdescription>
</parameteritem>
<parameteritem>
<parameternamelist>
<parametername>turno</parametername>
</parameternamelist>
<parameterdescription>
<para>O turno do jogador </para></parameterdescription>
</parameteritem>
</parameterlist>
</para>        </detaileddescription>
        <inbodydescription>
        </inbodydescription>
        <location file="camada_interface.h" line="78" column="1" bodyfile="auxiliares.c" bodystart="141" bodyend="167"/>
      </memberdef>
      <memberdef kind="function" id="camada__interface_8h_1a4b364079a828570843b666d1babaccd7" prot="public" static="no" const="no" explicit="no" inline="no" virt="non-virtual">
        <type>int</type>
        <definition>int pos</definition>
        <argsstring>(ESTADO *e, int x)</argsstring>
        <name>pos</name>
        <param>
          <type><ref refid="structESTADO" kindref="compound">ESTADO</ref> *</type>
          <declname>e</declname>
        </param>
        <param>
          <type>int</type>
          <declname>x</declname>
        </param>
        <briefdescription>
<para>O comando pos permite ao utilizador aceder a uma jogada anterior. </para>        </briefdescription>
        <detaileddescription>
<para><parameterlist kind="param"><parameteritem>
<parameternamelist>
<parametername>e</parametername>
</parameternamelist>
<parameterdescription>
<para>Apontador para o estado </para></parameterdescription>
</parameteritem>
<parameteritem>
<parameternamelist>
<parametername>x</parametername>
</parameternamelist>
<parameterdescription>
<para>Número da jogada </para></parameterdescription>
</parameteritem>
</parameterlist>
<simplesect kind="return"><para>Jogada anterior </para></simplesect>
</para>        </detaileddescription>
        <inbodydescription>
        </inbodydescription>
        <location file="camada_interface.h" line="86" column="1" bodyfile="camada_interface.c" bodystart="82" bodyend="128"/>
      </memberdef>
      <memberdef kind="function" id="camada__interface_8h_1a4f8813554c38eb990b468532e6c60c6c" prot="public" static="no" const="no" explicit="no" inline="no" virt="non-virtual">
        <type>int</type>
        <definition>int conta_pretas</definition>
        <argsstring>(ESTADO *e)</argsstring>
        <name>conta_pretas</name>
        <param>
          <type><ref refid="structESTADO" kindref="compound">ESTADO</ref> *</type>
          <declname>e</declname>
        </param>
        <briefdescription>
<para>Função que nos da o número de peças pretas. </para>        </briefdescription>
        <detaileddescription>
<para><parameterlist kind="param"><parameteritem>
<parameternamelist>
<parametername>e</parametername>
</parameternamelist>
<parameterdescription>
<para>Apontador para o estado </para></parameterdescription>
</parameteritem>
</parameterlist>
<simplesect kind="return"><para>O número de peças pretas </para></simplesect>
</para>        </detaileddescription>
        <inbodydescription>
        </inbodydescription>
        <location file="camada_interface.h" line="93" column="1" bodyfile="camada_interface.c" bodystart="72" bodyend="80"/>
      </memberdef>
      <memberdef kind="function" id="camada__interface_8h_1a1b42c599f925ba04f3286653e46f6df4" prot="public" static="no" const="no" explicit="no" inline="no" virt="non-virtual">
        <type>void</type>
        <definition>void comando_jog</definition>
        <argsstring>(LISTA l, ESTADO *e, int turno)</argsstring>
        <name>comando_jog</name>
        <param>
          <type><ref refid="auxiliares_8h_1a5a5447a03bcb835183312f000a1d12bc" kindref="member">LISTA</ref></type>
          <declname>l</declname>
        </param>
        <param>
          <type><ref refid="structESTADO" kindref="compound">ESTADO</ref> *</type>
          <declname>e</declname>
        </param>
        <param>
          <type>int</type>
          <declname>turno</declname>
        </param>
        <briefdescription>
<para>Função que permite que o jogador atual peça ao computador para jogar por si (peça possivel com menor distancia) </para>        </briefdescription>
        <detaileddescription>
<para><parameterlist kind="param"><parameteritem>
<parameternamelist>
<parametername>e</parametername>
</parameternamelist>
<parameterdescription>
<para>Apontador para o estado </para></parameterdescription>
</parameteritem>
<parameteritem>
<parameternamelist>
<parametername>turno</parametername>
</parameternamelist>
<parameterdescription>
<para>O turno do jogador </para></parameterdescription>
</parameteritem>
<parameteritem>
<parameternamelist>
<parametername>l</parametername>
</parameternamelist>
<parameterdescription>
<para>Lista de jogadas possiveis </para></parameterdescription>
</parameteritem>
</parameterlist>
</para>        </detaileddescription>
        <inbodydescription>
        </inbodydescription>
        <location file="camada_interface.h" line="101" column="1" bodyfile="camada_interface.c" bodystart="200" bodyend="225"/>
      </memberdef>
      <memberdef kind="function" id="camada__interface_8h_1a9153a7472c62aba74c9f5febbaa62929" prot="public" static="no" const="no" explicit="no" inline="no" virt="non-virtual">
        <type>void</type>
        <definition>void comando_jog2</definition>
        <argsstring>(LISTA l, ESTADO *e, int turno)</argsstring>
        <name>comando_jog2</name>
        <param>
          <type><ref refid="auxiliares_8h_1a5a5447a03bcb835183312f000a1d12bc" kindref="member">LISTA</ref></type>
          <declname>l</declname>
        </param>
        <param>
          <type><ref refid="structESTADO" kindref="compound">ESTADO</ref> *</type>
          <declname>e</declname>
        </param>
        <param>
          <type>int</type>
          <declname>turno</declname>
        </param>
        <briefdescription>
<para>Função que permite que o jogador atual peça ao computador para jogar por si (peça possivel aleatoria) </para>        </briefdescription>
        <detaileddescription>
<para><parameterlist kind="param"><parameteritem>
<parameternamelist>
<parametername>e</parametername>
</parameternamelist>
<parameterdescription>
<para>Apontador para o estado </para></parameterdescription>
</parameteritem>
<parameteritem>
<parameternamelist>
<parametername>turno</parametername>
</parameternamelist>
<parameterdescription>
<para>O turno do jogador </para></parameterdescription>
</parameteritem>
<parameteritem>
<parameternamelist>
<parametername>l</parametername>
</parameternamelist>
<parameterdescription>
<para>Lista de jogadas possiveis </para></parameterdescription>
</parameteritem>
</parameterlist>
</para>        </detaileddescription>
        <inbodydescription>
        </inbodydescription>
        <location file="camada_interface.h" line="109" column="1" bodyfile="camada_interface.c" bodystart="158" bodyend="198"/>
      </memberdef>
      </sectiondef>
    <briefdescription>
    </briefdescription>
    <detaileddescription>
<para><ref refid="camada__interface_8h" kindref="compound">camada_interface.h</ref> Definição do estado e das funções que o manipulam </para>    </detaileddescription>
    <programlisting>
<codeline lineno="1"></codeline>
<codeline lineno="7"><highlight class="preprocessor">#ifndef<sp/>LI2PL8G7_CAMADA_INTERFACE_H</highlight><highlight class="normal"></highlight></codeline>
<codeline lineno="8"><highlight class="normal"></highlight><highlight class="preprocessor">#define<sp/>LI2PL8G7_CAMADA_INTERFACE_H</highlight><highlight class="normal"></highlight></codeline>
<codeline lineno="9"><highlight class="normal"></highlight></codeline>
<codeline lineno="10"><highlight class="normal"></highlight><highlight class="preprocessor">#include<sp/>&quot;<ref refid="camada__dados_8h" kindref="compound">camada_dados.h</ref>&quot;</highlight><highlight class="normal"></highlight></codeline>
<codeline lineno="11"><highlight class="normal"></highlight><highlight class="preprocessor">#include<sp/>&quot;<ref refid="listas_8h" kindref="compound">listas.h</ref>&quot;</highlight><highlight class="normal"></highlight></codeline>
<codeline lineno="12"><highlight class="normal"></highlight></codeline>
<codeline lineno="18"><highlight class="keywordtype">int</highlight><highlight class="normal"><sp/><ref refid="camada__interface_8h_1a24da95ebeede4a540e37790ce8be359b" kindref="member">interpretador</ref>(<ref refid="structESTADO" kindref="compound">ESTADO</ref><sp/>*e);</highlight></codeline>
<codeline lineno="19"><highlight class="normal"></highlight></codeline>
<codeline lineno="25"><highlight class="keywordtype">void</highlight><highlight class="normal"><sp/><ref refid="camada__interface_8h_1aa0b6c1689e60ac852a73d67e066c1df5" kindref="member">mostrar_tabuleiro</ref>(<ref refid="structESTADO" kindref="compound">ESTADO</ref><sp/>*e);</highlight></codeline>
<codeline lineno="26"><highlight class="normal"></highlight></codeline>
<codeline lineno="32"><highlight class="keywordtype">int</highlight><highlight class="normal"><sp/><ref refid="camada__interface_8h_1a64b0d1727bd77bf55502f17ee0a54594" kindref="member">mostra_coordenada</ref><sp/>(<ref refid="structCOORDENADA" kindref="compound">COORDENADA</ref><sp/>c);</highlight></codeline>
<codeline lineno="33"><highlight class="normal"></highlight></codeline>
<codeline lineno="40"><highlight class="keywordtype">int</highlight><highlight class="normal"><sp/><ref refid="camada__interface_8h_1aaf43f8c33d95a67f541fe4616b30bf28" kindref="member">mostra_resultado</ref><sp/>(<ref refid="structESTADO" kindref="compound">ESTADO</ref><sp/>*e,<sp/><ref refid="structCOORDENADA" kindref="compound">COORDENADA</ref><sp/>c);</highlight></codeline>
<codeline lineno="41"><highlight class="normal"></highlight></codeline>
<codeline lineno="48"><highlight class="keywordtype">int</highlight><highlight class="normal"><sp/><ref refid="camada__interface_8h_1ac313d7e553b1e2b5f266acb9bfff8141" kindref="member">jogar</ref>(<ref refid="structESTADO" kindref="compound">ESTADO</ref><sp/>*e,<sp/><ref refid="structCOORDENADA" kindref="compound">COORDENADA</ref><sp/>c);</highlight></codeline>
<codeline lineno="49"><highlight class="normal"></highlight></codeline>
<codeline lineno="55"><highlight class="keywordtype">int</highlight><highlight class="normal"><sp/><ref refid="camada__interface_8h_1a46dad883a01f5f7b06944a3bbe317b84" kindref="member">deteta_fim</ref>(<ref refid="structESTADO" kindref="compound">ESTADO</ref><sp/>*e);</highlight></codeline>
<codeline lineno="56"><highlight class="normal"></highlight></codeline>
<codeline lineno="62"><highlight class="keywordtype">int</highlight><highlight class="normal"><sp/><ref refid="camada__interface_8h_1a70bfbeadc5be12c9cb3110cba47c2694" kindref="member">num</ref><sp/>(<ref refid="structESTADO" kindref="compound">ESTADO</ref><sp/>*e);</highlight></codeline>
<codeline lineno="63"><highlight class="normal"></highlight></codeline>
<codeline lineno="70"><highlight class="keywordtype">int</highlight><highlight class="normal"><sp/><ref refid="camada__interface_8h_1a94958a772c2216df312b19e13622700f" kindref="member">movs</ref><sp/>(<ref refid="structESTADO" kindref="compound">ESTADO</ref><sp/>*e,<sp/></highlight><highlight class="keywordtype">int</highlight><highlight class="normal"><sp/>turno);</highlight></codeline>
<codeline lineno="71"><highlight class="normal"></highlight></codeline>
<codeline lineno="78"><highlight class="keywordtype">int</highlight><highlight class="normal"><sp/><ref refid="camada__interface_8h_1a0f002a3e1122d65b85d09213886f26fe" kindref="member">gravar</ref>(<ref refid="structESTADO" kindref="compound">ESTADO</ref><sp/>*e,<sp/></highlight><highlight class="keywordtype">char</highlight><highlight class="normal"><sp/>fich[],<sp/></highlight><highlight class="keywordtype">int</highlight><highlight class="normal"><sp/>turno);</highlight></codeline>
<codeline lineno="79"><highlight class="normal"></highlight></codeline>
<codeline lineno="86"><highlight class="keywordtype">int</highlight><highlight class="normal"><sp/><ref refid="camada__interface_8h_1a4b364079a828570843b666d1babaccd7" kindref="member">pos</ref><sp/>(<ref refid="structESTADO" kindref="compound">ESTADO</ref><sp/>*e,<sp/></highlight><highlight class="keywordtype">int</highlight><highlight class="normal"><sp/>x);</highlight></codeline>
<codeline lineno="87"><highlight class="normal"></highlight></codeline>
<codeline lineno="93"><highlight class="keywordtype">int</highlight><highlight class="normal"><sp/><ref refid="camada__interface_8h_1a4f8813554c38eb990b468532e6c60c6c" kindref="member">conta_pretas</ref>(<ref refid="structESTADO" kindref="compound">ESTADO</ref><sp/>*e);</highlight></codeline>
<codeline lineno="94"><highlight class="normal"></highlight></codeline>
<codeline lineno="101"><highlight class="keywordtype">void</highlight><highlight class="normal"><sp/><ref refid="camada__interface_8h_1a1b42c599f925ba04f3286653e46f6df4" kindref="member">comando_jog</ref>(<ref refid="structnodo" kindref="compound">LISTA</ref><sp/>l,<ref refid="structESTADO" kindref="compound">ESTADO</ref><sp/>*e,<sp/></highlight><highlight class="keywordtype">int</highlight><highlight class="normal"><sp/>turno);</highlight></codeline>
<codeline lineno="102"><highlight class="normal"></highlight></codeline>
<codeline lineno="109"><highlight class="keywordtype">void</highlight><highlight class="normal"><sp/><ref refid="camada__interface_8h_1a9153a7472c62aba74c9f5febbaa62929" kindref="member">comando_jog2</ref><sp/>(<ref refid="structnodo" kindref="compound">LISTA</ref><sp/>l,<sp/><ref refid="structESTADO" kindref="compound">ESTADO</ref><sp/>*e,<sp/></highlight><highlight class="keywordtype">int</highlight><highlight class="normal"><sp/>turno);</highlight></codeline>
<codeline lineno="110"><highlight class="normal"></highlight></codeline>
<codeline lineno="111"><highlight class="normal"></highlight></codeline>
<codeline lineno="112"><highlight class="normal"></highlight><highlight class="preprocessor">#endif//LI2PL8G7_CAMADA_INTERFACE_H</highlight></codeline>
    </programlisting>
    <location file="camada_interface.h"/>
  </compounddef>
</doxygen>
