<?xml version='1.0' encoding='UTF-8' standalone='no'?>
<doxygenindex xmlns:xsi="http://www.w3.org/2001/XMLSchema-instance" xsi:noNamespaceSchemaLocation="index.xsd" version="1.8.13">
  <compound refid="structCOORDENADA" kind="struct"><name>COORDENADA</name>
    <member refid="structCOORDENADA_1adfbc8d4856ce807139fdf62e00aed29a" kind="variable"><name>coluna</name></member>
    <member refid="structCOORDENADA_1aefe14bcc5a066ac3b21500cc3d28c06f" kind="variable"><name>linha</name></member>
  </compound>
  <compound refid="structESTADO" kind="struct"><name>ESTADO</name>
    <member refid="structESTADO_1ae03c399b73d7a92d7f7ced83e91e5b6f" kind="variable"><name>tab</name></member>
    <member refid="structESTADO_1afae43b87a488fad0f2b56a18bad31d18" kind="variable"><name>jogadas</name></member>
    <member refid="structESTADO_1a261495728744647e618b4e623f5a4b7a" kind="variable"><name>num_jogadas</name></member>
    <member refid="structESTADO_1a5dd28e2e68b7aef2b6b7ea88e02eff58" kind="variable"><name>jogador_atual</name></member>
  </compound>
  <compound refid="structJOGADA" kind="struct"><name>JOGADA</name>
    <member refid="structJOGADA_1a93d9306cb0c49b66b7d9a615bffe0149" kind="variable"><name>jogador1</name></member>
    <member refid="structJOGADA_1ab46b16dfbdc7f2af9430c8dcdac0914b" kind="variable"><name>jogador2</name></member>
  </compound>
  <compound refid="structnodo" kind="struct"><name>nodo</name>
    <member refid="structnodo_1a344b5b1cb9597ce38786e9d21bb6f42d" kind="variable"><name>valor</name></member>
    <member refid="structnodo_1ab4aa5206ba45f3f03705336fd0d01e07" kind="variable"><name>prox</name></member>
  </compound>
  <compound refid="auxiliares_8c" kind="file"><name>auxiliares.c</name>
    <member refid="auxiliares_8c_1ae3b99323b6f8f35d80bb69ff1a27985e" kind="function"><name>criar_lista</name></member>
    <member refid="auxiliares_8c_1a5f74e07389068229446ef997f20679e9" kind="function"><name>insere_cabeca</name></member>
    <member refid="auxiliares_8c_1abfcb205f3eb670157be0d1221021714b" kind="function"><name>devolve_cabeca</name></member>
    <member refid="auxiliares_8c_1ad9380152361127432c55c1c6067e05ae" kind="function"><name>proximo</name></member>
    <member refid="auxiliares_8c_1a7efad7ce8f98e281be10a2e537de68cb" kind="function"><name>obter_coord_branca</name></member>
    <member refid="auxiliares_8c_1a43134a0efdc6f282be9a7f83997e8fc9" kind="function"><name>dist</name></member>
    <member refid="auxiliares_8c_1a5bf23e2e67f5cc232d1281ad8d3589ff" kind="function"><name>to_int</name></member>
    <member refid="auxiliares_8c_1a91008dcf7eed26e9f8986c527dd7b2d3" kind="function"><name>to_string</name></member>
    <member refid="auxiliares_8c_1a1aea03240fe093e7eef97e0412298e7b" kind="function"><name>jogadas_possiveis</name></member>
    <member refid="auxiliares_8c_1aa0b6c1689e60ac852a73d67e066c1df5" kind="function"><name>mostrar_tabuleiro</name></member>
    <member refid="auxiliares_8c_1a70bfbeadc5be12c9cb3110cba47c2694" kind="function"><name>num</name></member>
    <member refid="auxiliares_8c_1a0b947e7c09ac1c526a7d2cc4a35db3fa" kind="function"><name>ler</name></member>
    <member refid="auxiliares_8c_1a0f002a3e1122d65b85d09213886f26fe" kind="function"><name>gravar</name></member>
    <member refid="auxiliares_8c_1a7e0c7e26fb685d9ab501e19b05e6954f" kind="function"><name>inicializar_estado</name></member>
  </compound>
  <compound refid="auxiliares_8h" kind="file"><name>auxiliares.h</name>
    <member refid="auxiliares_8h_1aba91601f16d4c485b2d9b8c429f27039" kind="enum"><name>CASA</name></member>
    <member refid="auxiliares_8h_1aba91601f16d4c485b2d9b8c429f27039abc711f491a56ec7af7a688be508c5113" kind="enumvalue"><name>VAZIO</name></member>
    <member refid="auxiliares_8h_1aba91601f16d4c485b2d9b8c429f27039ad24485fddec75419fd4a0cc9edda0ca5" kind="enumvalue"><name>BRANCA</name></member>
    <member refid="auxiliares_8h_1aba91601f16d4c485b2d9b8c429f27039a007278eb3827d19891b47cdd3ac8846d" kind="enumvalue"><name>PRETA</name></member>
    <member refid="auxiliares_8h_1aba91601f16d4c485b2d9b8c429f27039a8ff080ca8f3143a71121a37a8e6596d8" kind="enumvalue"><name>JOG1</name></member>
    <member refid="auxiliares_8h_1aba91601f16d4c485b2d9b8c429f27039a15421bcb42ff42b5d6a8ba24d6ebfb88" kind="enumvalue"><name>JOG2</name></member>
    <member refid="bot_8h_1aba91601f16d4c485b2d9b8c429f27039abc711f491a56ec7af7a688be508c5113" kind="enumvalue"><name>VAZIO</name></member>
    <member refid="bot_8h_1aba91601f16d4c485b2d9b8c429f27039ad24485fddec75419fd4a0cc9edda0ca5" kind="enumvalue"><name>BRANCA</name></member>
    <member refid="bot_8h_1aba91601f16d4c485b2d9b8c429f27039a007278eb3827d19891b47cdd3ac8846d" kind="enumvalue"><name>PRETA</name></member>
    <member refid="bot_8h_1aba91601f16d4c485b2d9b8c429f27039a8ff080ca8f3143a71121a37a8e6596d8" kind="enumvalue"><name>JOG1</name></member>
    <member refid="bot_8h_1aba91601f16d4c485b2d9b8c429f27039a15421bcb42ff42b5d6a8ba24d6ebfb88" kind="enumvalue"><name>JOG2</name></member>
    <member refid="camada__dados_8h_1aba91601f16d4c485b2d9b8c429f27039abc711f491a56ec7af7a688be508c5113" kind="enumvalue"><name>VAZIO</name></member>
    <member refid="camada__dados_8h_1aba91601f16d4c485b2d9b8c429f27039ad24485fddec75419fd4a0cc9edda0ca5" kind="enumvalue"><name>BRANCA</name></member>
    <member refid="camada__dados_8h_1aba91601f16d4c485b2d9b8c429f27039a007278eb3827d19891b47cdd3ac8846d" kind="enumvalue"><name>PRETA</name></member>
    <member refid="camada__dados_8h_1aba91601f16d4c485b2d9b8c429f27039a8ff080ca8f3143a71121a37a8e6596d8" kind="enumvalue"><name>JOG1</name></member>
    <member refid="camada__dados_8h_1aba91601f16d4c485b2d9b8c429f27039a15421bcb42ff42b5d6a8ba24d6ebfb88" kind="enumvalue"><name>JOG2</name></member>
    <member refid="auxiliares_8h_1a94c221d29a1760f008b7834093259b7d" kind="typedef"><name>JOGADAS</name></member>
    <member refid="auxiliares_8h_1a5a5447a03bcb835183312f000a1d12bc" kind="typedef"><name>LISTA</name></member>
    <member refid="auxiliares_8h_1ac83cdfd19a10fa3718a0707a58732ee1" kind="typedef"><name>Nodo</name></member>
    <member refid="auxiliares_8h_1ae3b99323b6f8f35d80bb69ff1a27985e" kind="function"><name>criar_lista</name></member>
    <member refid="auxiliares_8h_1a37ba5fc3cfddb6bc94d4b54b00bc696e" kind="function"><name>insere_cabeca</name></member>
    <member refid="auxiliares_8h_1abfcb205f3eb670157be0d1221021714b" kind="function"><name>devolve_cabeca</name></member>
    <member refid="auxiliares_8h_1ad9380152361127432c55c1c6067e05ae" kind="function"><name>proximo</name></member>
    <member refid="auxiliares_8h_1a7efad7ce8f98e281be10a2e537de68cb" kind="function"><name>obter_coord_branca</name></member>
    <member refid="auxiliares_8h_1a5679b2ed29ad7be4b942dd7ce0562a4e" kind="function"><name>encurralada</name></member>
    <member refid="auxiliares_8h_1a0b947e7c09ac1c526a7d2cc4a35db3fa" kind="function"><name>ler</name></member>
    <member refid="auxiliares_8h_1a43134a0efdc6f282be9a7f83997e8fc9" kind="function"><name>dist</name></member>
    <member refid="auxiliares_8h_1a1aea03240fe093e7eef97e0412298e7b" kind="function"><name>jogadas_possiveis</name></member>
    <member refid="auxiliares_8h_1a91008dcf7eed26e9f8986c527dd7b2d3" kind="function"><name>to_string</name></member>
    <member refid="auxiliares_8h_1a5bf23e2e67f5cc232d1281ad8d3589ff" kind="function"><name>to_int</name></member>
    <member refid="auxiliares_8h_1a7e0c7e26fb685d9ab501e19b05e6954f" kind="function"><name>inicializar_estado</name></member>
    <member refid="auxiliares_8h_1a0f002a3e1122d65b85d09213886f26fe" kind="function"><name>gravar</name></member>
    <member refid="auxiliares_8h_1aa0b6c1689e60ac852a73d67e066c1df5" kind="function"><name>mostrar_tabuleiro</name></member>
  </compound>
  <compound refid="bot_8c" kind="file"><name>bot.c</name>
    <member refid="bot_8c_1a29270b43a7d3a47f53fc066b6b658906" kind="function"><name>comando_jog</name></member>
  </compound>
  <compound refid="bot_8h" kind="file"><name>bot.h</name>
    <member refid="bot_8h_1a6821bafc3c88dfb2e433a095df9940c6" kind="define"><name>BUF_SIZE</name></member>
    <member refid="bot_8h_1aba91601f16d4c485b2d9b8c429f27039" kind="enum"><name>CASA</name></member>
    <member refid="auxiliares_8h_1aba91601f16d4c485b2d9b8c429f27039abc711f491a56ec7af7a688be508c5113" kind="enumvalue"><name>VAZIO</name></member>
    <member refid="auxiliares_8h_1aba91601f16d4c485b2d9b8c429f27039ad24485fddec75419fd4a0cc9edda0ca5" kind="enumvalue"><name>BRANCA</name></member>
    <member refid="auxiliares_8h_1aba91601f16d4c485b2d9b8c429f27039a007278eb3827d19891b47cdd3ac8846d" kind="enumvalue"><name>PRETA</name></member>
    <member refid="auxiliares_8h_1aba91601f16d4c485b2d9b8c429f27039a8ff080ca8f3143a71121a37a8e6596d8" kind="enumvalue"><name>JOG1</name></member>
    <member refid="auxiliares_8h_1aba91601f16d4c485b2d9b8c429f27039a15421bcb42ff42b5d6a8ba24d6ebfb88" kind="enumvalue"><name>JOG2</name></member>
    <member refid="bot_8h_1aba91601f16d4c485b2d9b8c429f27039abc711f491a56ec7af7a688be508c5113" kind="enumvalue"><name>VAZIO</name></member>
    <member refid="bot_8h_1aba91601f16d4c485b2d9b8c429f27039ad24485fddec75419fd4a0cc9edda0ca5" kind="enumvalue"><name>BRANCA</name></member>
    <member refid="bot_8h_1aba91601f16d4c485b2d9b8c429f27039a007278eb3827d19891b47cdd3ac8846d" kind="enumvalue"><name>PRETA</name></member>
    <member refid="bot_8h_1aba91601f16d4c485b2d9b8c429f27039a8ff080ca8f3143a71121a37a8e6596d8" kind="enumvalue"><name>JOG1</name></member>
    <member refid="bot_8h_1aba91601f16d4c485b2d9b8c429f27039a15421bcb42ff42b5d6a8ba24d6ebfb88" kind="enumvalue"><name>JOG2</name></member>
    <member refid="camada__dados_8h_1aba91601f16d4c485b2d9b8c429f27039abc711f491a56ec7af7a688be508c5113" kind="enumvalue"><name>VAZIO</name></member>
    <member refid="camada__dados_8h_1aba91601f16d4c485b2d9b8c429f27039ad24485fddec75419fd4a0cc9edda0ca5" kind="enumvalue"><name>BRANCA</name></member>
    <member refid="camada__dados_8h_1aba91601f16d4c485b2d9b8c429f27039a007278eb3827d19891b47cdd3ac8846d" kind="enumvalue"><name>PRETA</name></member>
    <member refid="camada__dados_8h_1aba91601f16d4c485b2d9b8c429f27039a8ff080ca8f3143a71121a37a8e6596d8" kind="enumvalue"><name>JOG1</name></member>
    <member refid="camada__dados_8h_1aba91601f16d4c485b2d9b8c429f27039a15421bcb42ff42b5d6a8ba24d6ebfb88" kind="enumvalue"><name>JOG2</name></member>
    <member refid="bot_8h_1a94c221d29a1760f008b7834093259b7d" kind="typedef"><name>JOGADAS</name></member>
    <member refid="bot_8h_1a5a5447a03bcb835183312f000a1d12bc" kind="typedef"><name>LISTA</name></member>
    <member refid="bot_8h_1ac83cdfd19a10fa3718a0707a58732ee1" kind="typedef"><name>Nodo</name></member>
    <member refid="bot_8h_1a29270b43a7d3a47f53fc066b6b658906" kind="function"><name>comando_jog</name></member>
  </compound>
  <compound refid="bot__main_8c" kind="file"><name>bot_main.c</name>
    <member refid="bot__main_8c_1a0ddf1224851353fc92bfbff6f499fa97" kind="function"><name>main</name></member>
  </compound>
  <compound refid="camada__dados_8c" kind="file"><name>camada_dados.c</name>
    <member refid="camada__dados_8c_1a7e0c7e26fb685d9ab501e19b05e6954f" kind="function"><name>inicializar_estado</name></member>
  </compound>
  <compound refid="camada__dados_8h" kind="file"><name>camada_dados.h</name>
    <member refid="camada__dados_8h_1a6821bafc3c88dfb2e433a095df9940c6" kind="define"><name>BUF_SIZE</name></member>
    <member refid="camada__dados_8h_1aba91601f16d4c485b2d9b8c429f27039" kind="enum"><name>CASA</name></member>
    <member refid="auxiliares_8h_1aba91601f16d4c485b2d9b8c429f27039abc711f491a56ec7af7a688be508c5113" kind="enumvalue"><name>VAZIO</name></member>
    <member refid="auxiliares_8h_1aba91601f16d4c485b2d9b8c429f27039ad24485fddec75419fd4a0cc9edda0ca5" kind="enumvalue"><name>BRANCA</name></member>
    <member refid="auxiliares_8h_1aba91601f16d4c485b2d9b8c429f27039a007278eb3827d19891b47cdd3ac8846d" kind="enumvalue"><name>PRETA</name></member>
    <member refid="auxiliares_8h_1aba91601f16d4c485b2d9b8c429f27039a8ff080ca8f3143a71121a37a8e6596d8" kind="enumvalue"><name>JOG1</name></member>
    <member refid="auxiliares_8h_1aba91601f16d4c485b2d9b8c429f27039a15421bcb42ff42b5d6a8ba24d6ebfb88" kind="enumvalue"><name>JOG2</name></member>
    <member refid="bot_8h_1aba91601f16d4c485b2d9b8c429f27039abc711f491a56ec7af7a688be508c5113" kind="enumvalue"><name>VAZIO</name></member>
    <member refid="bot_8h_1aba91601f16d4c485b2d9b8c429f27039ad24485fddec75419fd4a0cc9edda0ca5" kind="enumvalue"><name>BRANCA</name></member>
    <member refid="bot_8h_1aba91601f16d4c485b2d9b8c429f27039a007278eb3827d19891b47cdd3ac8846d" kind="enumvalue"><name>PRETA</name></member>
    <member refid="bot_8h_1aba91601f16d4c485b2d9b8c429f27039a8ff080ca8f3143a71121a37a8e6596d8" kind="enumvalue"><name>JOG1</name></member>
    <member refid="bot_8h_1aba91601f16d4c485b2d9b8c429f27039a15421bcb42ff42b5d6a8ba24d6ebfb88" kind="enumvalue"><name>JOG2</name></member>
    <member refid="camada__dados_8h_1aba91601f16d4c485b2d9b8c429f27039abc711f491a56ec7af7a688be508c5113" kind="enumvalue"><name>VAZIO</name></member>
    <member refid="camada__dados_8h_1aba91601f16d4c485b2d9b8c429f27039ad24485fddec75419fd4a0cc9edda0ca5" kind="enumvalue"><name>BRANCA</name></member>
    <member refid="camada__dados_8h_1aba91601f16d4c485b2d9b8c429f27039a007278eb3827d19891b47cdd3ac8846d" kind="enumvalue"><name>PRETA</name></member>
    <member refid="camada__dados_8h_1aba91601f16d4c485b2d9b8c429f27039a8ff080ca8f3143a71121a37a8e6596d8" kind="enumvalue"><name>JOG1</name></member>
    <member refid="camada__dados_8h_1aba91601f16d4c485b2d9b8c429f27039a15421bcb42ff42b5d6a8ba24d6ebfb88" kind="enumvalue"><name>JOG2</name></member>
    <member refid="camada__dados_8h_1a94c221d29a1760f008b7834093259b7d" kind="typedef"><name>JOGADAS</name></member>
    <member refid="camada__dados_8h_1a7e0c7e26fb685d9ab501e19b05e6954f" kind="function"><name>inicializar_estado</name></member>
  </compound>
  <compound refid="camada__interface_8c" kind="file"><name>camada_interface.c</name>
    <member refid="camada__interface_8c_1aa0b6c1689e60ac852a73d67e066c1df5" kind="function"><name>mostrar_tabuleiro</name></member>
    <member refid="camada__interface_8c_1a98e1b75f6ae4ebfccf27154e38937bc6" kind="function"><name>tab_inicial</name></member>
    <member refid="camada__interface_8c_1a64b0d1727bd77bf55502f17ee0a54594" kind="function"><name>mostra_coordenada</name></member>
    <member refid="camada__interface_8c_1aaf43f8c33d95a67f541fe4616b30bf28" kind="function"><name>mostra_resultado</name></member>
    <member refid="camada__interface_8c_1a70bfbeadc5be12c9cb3110cba47c2694" kind="function"><name>num</name></member>
    <member refid="camada__interface_8c_1a94958a772c2216df312b19e13622700f" kind="function"><name>movs</name></member>
    <member refid="camada__interface_8c_1a4f8813554c38eb990b468532e6c60c6c" kind="function"><name>conta_pretas</name></member>
    <member refid="camada__interface_8c_1a4b364079a828570843b666d1babaccd7" kind="function"><name>pos</name></member>
    <member refid="camada__interface_8c_1a0f002a3e1122d65b85d09213886f26fe" kind="function"><name>gravar</name></member>
    <member refid="camada__interface_8c_1a9153a7472c62aba74c9f5febbaa62929" kind="function"><name>comando_jog2</name></member>
    <member refid="camada__interface_8c_1a1b42c599f925ba04f3286653e46f6df4" kind="function"><name>comando_jog</name></member>
    <member refid="camada__interface_8c_1a24da95ebeede4a540e37790ce8be359b" kind="function"><name>interpretador</name></member>
  </compound>
  <compound refid="camada__interface_8h" kind="file"><name>camada_interface.h</name>
    <member refid="camada__interface_8h_1a24da95ebeede4a540e37790ce8be359b" kind="function"><name>interpretador</name></member>
    <member refid="camada__interface_8h_1aa0b6c1689e60ac852a73d67e066c1df5" kind="function"><name>mostrar_tabuleiro</name></member>
    <member refid="camada__interface_8h_1a64b0d1727bd77bf55502f17ee0a54594" kind="function"><name>mostra_coordenada</name></member>
    <member refid="camada__interface_8h_1aaf43f8c33d95a67f541fe4616b30bf28" kind="function"><name>mostra_resultado</name></member>
    <member refid="camada__interface_8h_1ac313d7e553b1e2b5f266acb9bfff8141" kind="function"><name>jogar</name></member>
    <member refid="camada__interface_8h_1a46dad883a01f5f7b06944a3bbe317b84" kind="function"><name>deteta_fim</name></member>
    <member refid="camada__interface_8h_1a70bfbeadc5be12c9cb3110cba47c2694" kind="function"><name>num</name></member>
    <member refid="camada__interface_8h_1a94958a772c2216df312b19e13622700f" kind="function"><name>movs</name></member>
    <member refid="camada__interface_8h_1a0f002a3e1122d65b85d09213886f26fe" kind="function"><name>gravar</name></member>
    <member refid="camada__interface_8h_1a4b364079a828570843b666d1babaccd7" kind="function"><name>pos</name></member>
    <member refid="camada__interface_8h_1a4f8813554c38eb990b468532e6c60c6c" kind="function"><name>conta_pretas</name></member>
    <member refid="camada__interface_8h_1a1b42c599f925ba04f3286653e46f6df4" kind="function"><name>comando_jog</name></member>
    <member refid="camada__interface_8h_1a9153a7472c62aba74c9f5febbaa62929" kind="function"><name>comando_jog2</name></member>
  </compound>
  <compound refid="camada__logica_8c" kind="file"><name>camada_logica.c</name>
    <member refid="camada__logica_8c_1aa3041511653989dbd8a4fa4d747deb4e" kind="function"><name>peca_branca</name></member>
    <member refid="camada__logica_8c_1a88aed9dbea2e3e60f92d45f1741b5b11" kind="function"><name>peca_preta</name></member>
    <member refid="camada__logica_8c_1a43134a0efdc6f282be9a7f83997e8fc9" kind="function"><name>dist</name></member>
    <member refid="camada__logica_8c_1ada40878b15d13766c1bc39a643bca062" kind="function"><name>posicao_valida</name></member>
    <member refid="camada__logica_8c_1a7efad7ce8f98e281be10a2e537de68cb" kind="function"><name>obter_coord_branca</name></member>
    <member refid="camada__logica_8c_1a5679b2ed29ad7be4b942dd7ce0562a4e" kind="function"><name>encurralada</name></member>
    <member refid="camada__logica_8c_1a46dad883a01f5f7b06944a3bbe317b84" kind="function"><name>deteta_fim</name></member>
    <member refid="camada__logica_8c_1a650916d9bd6f0648c54af321cd1ab655" kind="function"><name>acabou</name></member>
    <member refid="camada__logica_8c_1ac313d7e553b1e2b5f266acb9bfff8141" kind="function"><name>jogar</name></member>
    <member refid="camada__logica_8c_1a8f08f0bc90ca0f407b8ce9c7e8f74dac" kind="function"><name>ler</name></member>
    <member refid="camada__logica_8c_1ad45761e978e0d934e639d5bc4da09e7e" kind="function"><name>guarda_jogada</name></member>
    <member refid="camada__logica_8c_1a91008dcf7eed26e9f8986c527dd7b2d3" kind="function"><name>to_string</name></member>
    <member refid="camada__logica_8c_1a5bf23e2e67f5cc232d1281ad8d3589ff" kind="function"><name>to_int</name></member>
    <member refid="camada__logica_8c_1a1aea03240fe093e7eef97e0412298e7b" kind="function"><name>jogadas_possiveis</name></member>
  </compound>
  <compound refid="camada__logica_8h" kind="file"><name>camada_logica.h</name>
    <member refid="camada__logica_8h_1aa3041511653989dbd8a4fa4d747deb4e" kind="function"><name>peca_branca</name></member>
    <member refid="camada__logica_8h_1a88aed9dbea2e3e60f92d45f1741b5b11" kind="function"><name>peca_preta</name></member>
    <member refid="camada__logica_8h_1ada40878b15d13766c1bc39a643bca062" kind="function"><name>posicao_valida</name></member>
    <member refid="camada__logica_8h_1a7efad7ce8f98e281be10a2e537de68cb" kind="function"><name>obter_coord_branca</name></member>
    <member refid="camada__logica_8h_1a5679b2ed29ad7be4b942dd7ce0562a4e" kind="function"><name>encurralada</name></member>
    <member refid="camada__logica_8h_1a46dad883a01f5f7b06944a3bbe317b84" kind="function"><name>deteta_fim</name></member>
    <member refid="camada__logica_8h_1a650916d9bd6f0648c54af321cd1ab655" kind="function"><name>acabou</name></member>
    <member refid="camada__logica_8h_1ac313d7e553b1e2b5f266acb9bfff8141" kind="function"><name>jogar</name></member>
    <member refid="camada__logica_8h_1a8f08f0bc90ca0f407b8ce9c7e8f74dac" kind="function"><name>ler</name></member>
    <member refid="camada__logica_8h_1a43134a0efdc6f282be9a7f83997e8fc9" kind="function"><name>dist</name></member>
    <member refid="camada__logica_8h_1ad45761e978e0d934e639d5bc4da09e7e" kind="function"><name>guarda_jogada</name></member>
    <member refid="camada__logica_8h_1a1aea03240fe093e7eef97e0412298e7b" kind="function"><name>jogadas_possiveis</name></member>
    <member refid="camada__logica_8h_1a91008dcf7eed26e9f8986c527dd7b2d3" kind="function"><name>to_string</name></member>
    <member refid="camada__logica_8h_1a5bf23e2e67f5cc232d1281ad8d3589ff" kind="function"><name>to_int</name></member>
  </compound>
  <compound refid="listas_8c" kind="file"><name>listas.c</name>
    <member refid="listas_8c_1ae3b99323b6f8f35d80bb69ff1a27985e" kind="function"><name>criar_lista</name></member>
    <member refid="listas_8c_1a5f74e07389068229446ef997f20679e9" kind="function"><name>insere_cabeca</name></member>
    <member refid="listas_8c_1abfcb205f3eb670157be0d1221021714b" kind="function"><name>devolve_cabeca</name></member>
    <member refid="listas_8c_1ad9380152361127432c55c1c6067e05ae" kind="function"><name>proximo</name></member>
    <member refid="listas_8c_1a9026a681a68322b5ec7f07137b864cbd" kind="function"><name>remove_cabeca</name></member>
    <member refid="listas_8c_1a4c10928f7acaa4e3de3760cea0dfd9c0" kind="function"><name>lista_esta_vazia</name></member>
    <member refid="listas_8c_1aa97afd48a5b36ef7701a3b5de725254a" kind="function"><name>print_lista</name></member>
    <member refid="listas_8c_1a67ba55dcfb4ef7c44dfa2bb9afb43ed3" kind="function"><name>length_lista</name></member>
  </compound>
  <compound refid="listas_8h" kind="file"><name>listas.h</name>
    <member refid="listas_8h_1a5a5447a03bcb835183312f000a1d12bc" kind="typedef"><name>LISTA</name></member>
    <member refid="listas_8h_1ac83cdfd19a10fa3718a0707a58732ee1" kind="typedef"><name>Nodo</name></member>
    <member refid="listas_8h_1ae3b99323b6f8f35d80bb69ff1a27985e" kind="function"><name>criar_lista</name></member>
    <member refid="listas_8h_1a37ba5fc3cfddb6bc94d4b54b00bc696e" kind="function"><name>insere_cabeca</name></member>
    <member refid="listas_8h_1abfcb205f3eb670157be0d1221021714b" kind="function"><name>devolve_cabeca</name></member>
    <member refid="listas_8h_1ad9380152361127432c55c1c6067e05ae" kind="function"><name>proximo</name></member>
    <member refid="listas_8h_1a9026a681a68322b5ec7f07137b864cbd" kind="function"><name>remove_cabeca</name></member>
    <member refid="listas_8h_1a4c10928f7acaa4e3de3760cea0dfd9c0" kind="function"><name>lista_esta_vazia</name></member>
    <member refid="listas_8h_1a67ba55dcfb4ef7c44dfa2bb9afb43ed3" kind="function"><name>length_lista</name></member>
  </compound>
  <compound refid="main_8c" kind="file"><name>main.c</name>
    <member refid="main_8c_1a6821bafc3c88dfb2e433a095df9940c6" kind="define"><name>BUF_SIZE</name></member>
    <member refid="main_8c_1ae66f6b31b5ad750f1fe042a706a4e3d4" kind="function"><name>main</name></member>
  </compound>
</doxygenindex>
