<?xml version='1.0' encoding='UTF-8' standalone='no'?>
<doxygen xmlns:xsi="http://www.w3.org/2001/XMLSchema-instance" xsi:noNamespaceSchemaLocation="compound.xsd" version="1.8.13">
  <compounddef id="listas_8h" kind="file" language="C++">
    <compoundname>listas.h</compoundname>
    <includes refid="camada__dados_8h" local="yes">camada_dados.h</includes>
    <includedby refid="camada__interface_8h" local="yes">camada_interface.h</includedby>
    <includedby refid="camada__logica_8h" local="yes">camada_logica.h</includedby>
    <includedby refid="camada__interface_8c" local="yes">camada_interface.c</includedby>
    <includedby refid="camada__logica_8c" local="yes">camada_logica.c</includedby>
    <includedby refid="listas_8c" local="yes">listas.c</includedby>
    <incdepgraph>
      <node id="88">
        <label>stdlib.h</label>
      </node>
      <node id="89">
        <label>string.h</label>
      </node>
      <node id="85">
        <label>listas.h</label>
        <link refid="listas_8h"/>
        <childnode refid="86" relation="include">
        </childnode>
      </node>
      <node id="86">
        <label>camada_dados.h</label>
        <link refid="camada__dados_8h"/>
        <childnode refid="87" relation="include">
        </childnode>
        <childnode refid="88" relation="include">
        </childnode>
        <childnode refid="89" relation="include">
        </childnode>
      </node>
      <node id="87">
        <label>stdio.h</label>
      </node>
    </incdepgraph>
    <invincdepgraph>
      <node id="91">
        <label>camada_interface.h</label>
        <link refid="camada__interface_8h"/>
      </node>
      <node id="92">
        <label>camada_logica.h</label>
        <link refid="camada__logica_8h"/>
      </node>
      <node id="90">
        <label>listas.h</label>
        <link refid="listas_8h"/>
        <childnode refid="91" relation="include">
        </childnode>
        <childnode refid="92" relation="include">
        </childnode>
      </node>
    </invincdepgraph>
    <innerclass refid="structnodo" prot="public">nodo</innerclass>
      <sectiondef kind="typedef">
      <memberdef kind="typedef" id="listas_8h_1a5a5447a03bcb835183312f000a1d12bc" prot="public" static="no">
        <type>struct <ref refid="structnodo" kindref="compound">nodo</ref> *</type>
        <definition>typedef struct nodo* LISTA</definition>
        <argsstring></argsstring>
        <name>LISTA</name>
        <briefdescription>
<para>Tipo de dados para as listas ligadas. </para>        </briefdescription>
        <detaileddescription>
        </detaileddescription>
        <inbodydescription>
        </inbodydescription>
        <location file="listas.h" line="15" column="1" bodyfile="listas.h" bodystart="15" bodyend="-1"/>
      </memberdef>
      <memberdef kind="typedef" id="listas_8h_1ac83cdfd19a10fa3718a0707a58732ee1" prot="public" static="no">
        <type>struct <ref refid="structnodo" kindref="compound">nodo</ref></type>
        <definition>typedef struct nodo  Nodo</definition>
        <argsstring></argsstring>
        <name>Nodo</name>
        <briefdescription>
        </briefdescription>
        <detaileddescription>
        </detaileddescription>
        <inbodydescription>
        </inbodydescription>
        <location file="listas.h" line="19" column="1"/>
      </memberdef>
      </sectiondef>
      <sectiondef kind="func">
      <memberdef kind="function" id="listas_8h_1ae3b99323b6f8f35d80bb69ff1a27985e" prot="public" static="no" const="no" explicit="no" inline="no" virt="non-virtual">
        <type><ref refid="auxiliares_8h_1a5a5447a03bcb835183312f000a1d12bc" kindref="member">LISTA</ref></type>
        <definition>LISTA criar_lista</definition>
        <argsstring>()</argsstring>
        <name>criar_lista</name>
        <briefdescription>
<para>Função que cria uma lista vazia. </para>        </briefdescription>
        <detaileddescription>
<para><simplesect kind="return"><para>Lista vazia </para></simplesect>
</para>        </detaileddescription>
        <inbodydescription>
        </inbodydescription>
        <location file="listas.h" line="25" column="1" bodyfile="auxiliares.c" bodystart="8" bodyend="13"/>
      </memberdef>
      <memberdef kind="function" id="listas_8h_1a37ba5fc3cfddb6bc94d4b54b00bc696e" prot="public" static="no" const="no" explicit="no" inline="no" virt="non-virtual">
        <type><ref refid="auxiliares_8h_1a5a5447a03bcb835183312f000a1d12bc" kindref="member">LISTA</ref></type>
        <definition>LISTA insere_cabeca</definition>
        <argsstring>(LISTA L, void *valor)</argsstring>
        <name>insere_cabeca</name>
        <param>
          <type><ref refid="auxiliares_8h_1a5a5447a03bcb835183312f000a1d12bc" kindref="member">LISTA</ref></type>
          <declname>L</declname>
        </param>
        <param>
          <type>void *</type>
          <declname>valor</declname>
          <defname>v</defname>
        </param>
        <briefdescription>
<para>Função que insere um valor na cabeça da lista. </para>        </briefdescription>
        <detaileddescription>
<para><simplesect kind="return"><para>Nova lista </para></simplesect>
</para>        </detaileddescription>
        <inbodydescription>
        </inbodydescription>
        <location file="listas.h" line="31" column="1" bodyfile="auxiliares.c" bodystart="15" bodyend="20"/>
      </memberdef>
      <memberdef kind="function" id="listas_8h_1abfcb205f3eb670157be0d1221021714b" prot="public" static="no" const="no" explicit="no" inline="no" virt="non-virtual">
        <type>void *</type>
        <definition>void* devolve_cabeca</definition>
        <argsstring>(LISTA L)</argsstring>
        <name>devolve_cabeca</name>
        <param>
          <type><ref refid="auxiliares_8h_1a5a5447a03bcb835183312f000a1d12bc" kindref="member">LISTA</ref></type>
          <declname>L</declname>
        </param>
        <briefdescription>
<para>Função que devolve a cabeça da lista. </para>        </briefdescription>
        <detaileddescription>
<para><simplesect kind="return"><para>Lista vazia </para></simplesect>
</para>        </detaileddescription>
        <inbodydescription>
        </inbodydescription>
        <location file="listas.h" line="37" column="1" bodyfile="auxiliares.c" bodystart="22" bodyend="27"/>
      </memberdef>
      <memberdef kind="function" id="listas_8h_1ad9380152361127432c55c1c6067e05ae" prot="public" static="no" const="no" explicit="no" inline="no" virt="non-virtual">
        <type><ref refid="auxiliares_8h_1a5a5447a03bcb835183312f000a1d12bc" kindref="member">LISTA</ref></type>
        <definition>LISTA proximo</definition>
        <argsstring>(LISTA L)</argsstring>
        <name>proximo</name>
        <param>
          <type><ref refid="auxiliares_8h_1a5a5447a03bcb835183312f000a1d12bc" kindref="member">LISTA</ref></type>
          <declname>L</declname>
        </param>
        <briefdescription>
<para>Função que devolve a cauda da lista. </para>        </briefdescription>
        <detaileddescription>
        </detaileddescription>
        <inbodydescription>
        </inbodydescription>
        <location file="listas.h" line="42" column="1" bodyfile="auxiliares.c" bodystart="29" bodyend="34"/>
      </memberdef>
      <memberdef kind="function" id="listas_8h_1a9026a681a68322b5ec7f07137b864cbd" prot="public" static="no" const="no" explicit="no" inline="no" virt="non-virtual">
        <type><ref refid="auxiliares_8h_1a5a5447a03bcb835183312f000a1d12bc" kindref="member">LISTA</ref></type>
        <definition>LISTA remove_cabeca</definition>
        <argsstring>(LISTA L)</argsstring>
        <name>remove_cabeca</name>
        <param>
          <type><ref refid="auxiliares_8h_1a5a5447a03bcb835183312f000a1d12bc" kindref="member">LISTA</ref></type>
          <declname>L</declname>
        </param>
        <briefdescription>
<para>Função que remove a cabeça da lista (libertando o espaço ocupado) </para>        </briefdescription>
        <detaileddescription>
<para><simplesect kind="return"><para>Cauda da lista </para></simplesect>
</para>        </detaileddescription>
        <inbodydescription>
        </inbodydescription>
        <location file="listas.h" line="48" column="1" bodyfile="listas.c" bodystart="34" bodyend="40"/>
      </memberdef>
      <memberdef kind="function" id="listas_8h_1a4c10928f7acaa4e3de3760cea0dfd9c0" prot="public" static="no" const="no" explicit="no" inline="no" virt="non-virtual">
        <type>int</type>
        <definition>int lista_esta_vazia</definition>
        <argsstring>(LISTA L)</argsstring>
        <name>lista_esta_vazia</name>
        <param>
          <type><ref refid="auxiliares_8h_1a5a5447a03bcb835183312f000a1d12bc" kindref="member">LISTA</ref></type>
          <declname>L</declname>
        </param>
        <briefdescription>
<para>Função que devolve verdareiro se a lista é vazia. </para>        </briefdescription>
        <detaileddescription>
        </detaileddescription>
        <inbodydescription>
        </inbodydescription>
        <location file="listas.h" line="53" column="1" bodyfile="listas.c" bodystart="42" bodyend="46"/>
      </memberdef>
      <memberdef kind="function" id="listas_8h_1a67ba55dcfb4ef7c44dfa2bb9afb43ed3" prot="public" static="no" const="no" explicit="no" inline="no" virt="non-virtual">
        <type>int</type>
        <definition>int length_lista</definition>
        <argsstring>(LISTA l)</argsstring>
        <name>length_lista</name>
        <param>
          <type><ref refid="auxiliares_8h_1a5a5447a03bcb835183312f000a1d12bc" kindref="member">LISTA</ref></type>
          <declname>l</declname>
        </param>
        <briefdescription>
<para>Função que devolve o comprimento de uma lista. </para>        </briefdescription>
        <detaileddescription>
        </detaileddescription>
        <inbodydescription>
        </inbodydescription>
        <location file="listas.h" line="58" column="1" bodyfile="listas.c" bodystart="56" bodyend="63"/>
      </memberdef>
      </sectiondef>
    <briefdescription>
    </briefdescription>
    <detaileddescription>
<para><ref refid="listas_8h" kindref="compound">listas.h</ref> </para>    </detaileddescription>
    <programlisting>
<codeline lineno="1"></codeline>
<codeline lineno="6"><highlight class="preprocessor">#ifndef<sp/>LISTAS_LISTAS_H</highlight><highlight class="normal"></highlight></codeline>
<codeline lineno="7"><highlight class="normal"></highlight><highlight class="preprocessor">#define<sp/>LISTAS_LISTAS_H</highlight><highlight class="normal"></highlight></codeline>
<codeline lineno="8"><highlight class="normal"></highlight></codeline>
<codeline lineno="9"><highlight class="normal"></highlight><highlight class="preprocessor">#include<sp/>&quot;<ref refid="camada__dados_8h" kindref="compound">camada_dados.h</ref>&quot;</highlight><highlight class="normal"></highlight></codeline>
<codeline lineno="10"><highlight class="normal"></highlight></codeline>
<codeline lineno="11"><highlight class="normal"></highlight></codeline>
<codeline lineno="15" refid="listas_8h_1a5a5447a03bcb835183312f000a1d12bc" refkind="member"><highlight class="keyword">typedef</highlight><highlight class="normal"><sp/></highlight><highlight class="keyword">struct<sp/></highlight><highlight class="normal"><ref refid="structnodo" kindref="compound">nodo</ref><sp/>*<ref refid="listas_8h_1a5a5447a03bcb835183312f000a1d12bc" kindref="member">LISTA</ref>;</highlight></codeline>
<codeline lineno="16"><highlight class="normal"></highlight><highlight class="keyword">typedef</highlight><highlight class="normal"><sp/></highlight><highlight class="keyword">struct<sp/></highlight><highlight class="normal"><ref refid="structnodo" kindref="compound">nodo</ref><sp/>{</highlight></codeline>
<codeline lineno="17"><highlight class="normal"><sp/><sp/><sp/><sp/></highlight><highlight class="keywordtype">void</highlight><highlight class="normal"><sp/>*valor;</highlight></codeline>
<codeline lineno="18"><highlight class="normal"><sp/><sp/><sp/><sp/>LISTA<sp/>prox;</highlight></codeline>
<codeline lineno="19"><highlight class="normal">}<sp/><ref refid="structnodo" kindref="compound">Nodo</ref>;</highlight></codeline>
<codeline lineno="20"><highlight class="normal"></highlight></codeline>
<codeline lineno="25"><highlight class="normal">LISTA<sp/><ref refid="listas_8h_1ae3b99323b6f8f35d80bb69ff1a27985e" kindref="member">criar_lista</ref>();</highlight></codeline>
<codeline lineno="26"><highlight class="normal"></highlight></codeline>
<codeline lineno="31"><highlight class="normal">LISTA<sp/><ref refid="listas_8h_1a37ba5fc3cfddb6bc94d4b54b00bc696e" kindref="member">insere_cabeca</ref>(LISTA<sp/>L,<sp/></highlight><highlight class="keywordtype">void</highlight><highlight class="normal"><sp/>*valor);</highlight></codeline>
<codeline lineno="32"><highlight class="normal"></highlight></codeline>
<codeline lineno="37"><highlight class="keywordtype">void</highlight><highlight class="normal"><sp/>*<ref refid="listas_8h_1abfcb205f3eb670157be0d1221021714b" kindref="member">devolve_cabeca</ref>(LISTA<sp/>L);</highlight></codeline>
<codeline lineno="38"><highlight class="normal"></highlight></codeline>
<codeline lineno="42"><highlight class="normal">LISTA<sp/><ref refid="listas_8h_1ad9380152361127432c55c1c6067e05ae" kindref="member">proximo</ref>(LISTA<sp/>L);</highlight></codeline>
<codeline lineno="43"><highlight class="normal"></highlight></codeline>
<codeline lineno="48"><highlight class="normal">LISTA<sp/><ref refid="listas_8h_1a9026a681a68322b5ec7f07137b864cbd" kindref="member">remove_cabeca</ref>(LISTA<sp/>L);</highlight></codeline>
<codeline lineno="49"><highlight class="normal"></highlight></codeline>
<codeline lineno="53"><highlight class="keywordtype">int</highlight><highlight class="normal"><sp/><ref refid="listas_8h_1a4c10928f7acaa4e3de3760cea0dfd9c0" kindref="member">lista_esta_vazia</ref>(LISTA<sp/>L);</highlight></codeline>
<codeline lineno="54"><highlight class="normal"></highlight></codeline>
<codeline lineno="58"><highlight class="keywordtype">int</highlight><highlight class="normal"><sp/><ref refid="listas_8h_1a67ba55dcfb4ef7c44dfa2bb9afb43ed3" kindref="member">length_lista</ref><sp/>(LISTA<sp/>l);</highlight></codeline>
<codeline lineno="59"><highlight class="normal"></highlight></codeline>
<codeline lineno="60"><highlight class="normal"></highlight><highlight class="preprocessor">#endif<sp/>//LISTAS_LISTAS_H</highlight></codeline>
    </programlisting>
    <location file="listas.h"/>
  </compounddef>
</doxygen>
