<?xml version='1.0' encoding='UTF-8' standalone='no'?>
<doxygen xmlns:xsi="http://www.w3.org/2001/XMLSchema-instance" xsi:noNamespaceSchemaLocation="compound.xsd" version="1.8.13">
  <compounddef id="main_8c" kind="file" language="C++">
    <compoundname>main.c</compoundname>
    <includes local="no">stdio.h</includes>
    <includes refid="camada__dados_8h" local="yes">camada_dados.h</includes>
    <includes refid="camada__interface_8h" local="yes">camada_interface.h</includes>
    <includes refid="camada__logica_8h" local="yes">camada_logica.h</includes>
    <incdepgraph>
      <node id="96">
        <label>stdlib.h</label>
      </node>
      <node id="93">
        <label>main.c</label>
        <link refid="main_8c"/>
        <childnode refid="94" relation="include">
        </childnode>
        <childnode refid="95" relation="include">
        </childnode>
        <childnode refid="98" relation="include">
        </childnode>
        <childnode refid="100" relation="include">
        </childnode>
      </node>
      <node id="98">
        <label>camada_interface.h</label>
        <link refid="camada__interface_8h"/>
        <childnode refid="95" relation="include">
        </childnode>
        <childnode refid="99" relation="include">
        </childnode>
      </node>
      <node id="100">
        <label>camada_logica.h</label>
        <link refid="camada__logica_8h"/>
        <childnode refid="99" relation="include">
        </childnode>
      </node>
      <node id="97">
        <label>string.h</label>
      </node>
      <node id="99">
        <label>listas.h</label>
        <link refid="listas_8h"/>
        <childnode refid="95" relation="include">
        </childnode>
      </node>
      <node id="95">
        <label>camada_dados.h</label>
        <link refid="camada__dados_8h"/>
        <childnode refid="94" relation="include">
        </childnode>
        <childnode refid="96" relation="include">
        </childnode>
        <childnode refid="97" relation="include">
        </childnode>
      </node>
      <node id="94">
        <label>stdio.h</label>
      </node>
    </incdepgraph>
      <sectiondef kind="define">
      <memberdef kind="define" id="main_8c_1a6821bafc3c88dfb2e433a095df9940c6" prot="public" static="no">
        <name>BUF_SIZE</name>
        <initializer>1024</initializer>
        <briefdescription>
        </briefdescription>
        <detaileddescription>
        </detaileddescription>
        <inbodydescription>
        </inbodydescription>
        <location file="main.c" line="6" column="14" bodyfile="main.c" bodystart="6" bodyend="-1"/>
      </memberdef>
      </sectiondef>
      <sectiondef kind="func">
      <memberdef kind="function" id="main_8c_1ae66f6b31b5ad750f1fe042a706a4e3d4" prot="public" static="no" const="no" explicit="no" inline="no" virt="non-virtual">
        <type>int</type>
        <definition>int main</definition>
        <argsstring>()</argsstring>
        <name>main</name>
        <briefdescription>
        </briefdescription>
        <detaileddescription>
        </detaileddescription>
        <inbodydescription>
        </inbodydescription>
        <location file="main.c" line="8" column="1" bodyfile="main.c" bodystart="8" bodyend="12"/>
      </memberdef>
      </sectiondef>
    <briefdescription>
    </briefdescription>
    <detaileddescription>
    </detaileddescription>
    <programlisting>
<codeline lineno="1"><highlight class="preprocessor">#include<sp/>&lt;stdio.h&gt;</highlight><highlight class="normal"></highlight></codeline>
<codeline lineno="2"><highlight class="normal"></highlight><highlight class="preprocessor">#include<sp/>&quot;<ref refid="camada__dados_8h" kindref="compound">camada_dados.h</ref>&quot;</highlight><highlight class="normal"></highlight></codeline>
<codeline lineno="3"><highlight class="normal"></highlight><highlight class="preprocessor">#include<sp/>&quot;<ref refid="camada__interface_8h" kindref="compound">camada_interface.h</ref>&quot;</highlight><highlight class="normal"></highlight></codeline>
<codeline lineno="4"><highlight class="normal"></highlight><highlight class="preprocessor">#include<sp/>&quot;<ref refid="camada__logica_8h" kindref="compound">camada_logica.h</ref>&quot;</highlight><highlight class="normal"></highlight></codeline>
<codeline lineno="5"><highlight class="normal"></highlight><highlight class="preprocessor">#include<sp/>&lt;stdio.h&gt;</highlight><highlight class="normal"></highlight></codeline>
<codeline lineno="6"><highlight class="normal"></highlight><highlight class="preprocessor">#define<sp/>BUF_SIZE<sp/>1024</highlight><highlight class="normal"></highlight></codeline>
<codeline lineno="7"><highlight class="normal"></highlight></codeline>
<codeline lineno="8"><highlight class="normal"></highlight><highlight class="keywordtype">int</highlight><highlight class="normal"><sp/>main()<sp/>{</highlight></codeline>
<codeline lineno="9"><highlight class="normal"><sp/><sp/><sp/><sp/><ref refid="structESTADO" kindref="compound">ESTADO</ref><sp/>*e<sp/>=<sp/><ref refid="auxiliares_8h_1a7e0c7e26fb685d9ab501e19b05e6954f" kindref="member">inicializar_estado</ref>();</highlight></codeline>
<codeline lineno="10"><highlight class="normal"><sp/><sp/><sp/><sp/><ref refid="camada__interface_8h_1a24da95ebeede4a540e37790ce8be359b" kindref="member">interpretador</ref>(e);</highlight></codeline>
<codeline lineno="11"><highlight class="normal"><sp/><sp/><sp/><sp/></highlight><highlight class="keywordflow">return</highlight><highlight class="normal"><sp/>0;</highlight></codeline>
<codeline lineno="12"><highlight class="normal">}</highlight></codeline>
    </programlisting>
    <location file="main.c"/>
  </compounddef>
</doxygen>
