<?xml version='1.0' encoding='UTF-8' standalone='no'?>
<doxygen xmlns:xsi="http://www.w3.org/2001/XMLSchema-instance" xsi:noNamespaceSchemaLocation="compound.xsd" version="1.8.13">
  <compounddef id="structESTADO" kind="struct" language="C++" prot="public">
    <compoundname>ESTADO</compoundname>
    <includes refid="auxiliares_8h" local="no">auxiliares.h</includes>
      <sectiondef kind="public-attrib">
      <memberdef kind="variable" id="structESTADO_1ae03c399b73d7a92d7f7ced83e91e5b6f" prot="public" static="no" mutable="no">
        <type><ref refid="auxiliares_8h_1aba91601f16d4c485b2d9b8c429f27039" kindref="member">CASA</ref></type>
        <definition>CASA ESTADO::tab</definition>
        <argsstring>[8][8]</argsstring>
        <name>tab</name>
        <briefdescription>
        </briefdescription>
        <detaileddescription>
<para>O tabuleiro </para>        </detaileddescription>
        <inbodydescription>
        </inbodydescription>
        <location file="auxiliares.h" line="44" column="1" bodyfile="auxiliares.h" bodystart="44" bodyend="-1"/>
      </memberdef>
      <memberdef kind="variable" id="structESTADO_1afae43b87a488fad0f2b56a18bad31d18" prot="public" static="no" mutable="no">
        <type><ref refid="camada__dados_8h_1a94c221d29a1760f008b7834093259b7d" kindref="member">JOGADAS</ref></type>
        <definition>JOGADAS ESTADO::jogadas</definition>
        <argsstring></argsstring>
        <name>jogadas</name>
        <briefdescription>
        </briefdescription>
        <detaileddescription>
<para>As jogadas </para>        </detaileddescription>
        <inbodydescription>
        </inbodydescription>
        <location file="auxiliares.h" line="46" column="1" bodyfile="auxiliares.h" bodystart="46" bodyend="-1"/>
      </memberdef>
      <memberdef kind="variable" id="structESTADO_1a261495728744647e618b4e623f5a4b7a" prot="public" static="no" mutable="no">
        <type>int</type>
        <definition>int ESTADO::num_jogadas</definition>
        <argsstring></argsstring>
        <name>num_jogadas</name>
        <briefdescription>
        </briefdescription>
        <detaileddescription>
<para>O número das jogadas, usado no prompt </para>        </detaileddescription>
        <inbodydescription>
        </inbodydescription>
        <location file="auxiliares.h" line="48" column="1" bodyfile="auxiliares.h" bodystart="48" bodyend="-1"/>
      </memberdef>
      <memberdef kind="variable" id="structESTADO_1a5dd28e2e68b7aef2b6b7ea88e02eff58" prot="public" static="no" mutable="no">
        <type>int</type>
        <definition>int ESTADO::jogador_atual</definition>
        <argsstring></argsstring>
        <name>jogador_atual</name>
        <briefdescription>
        </briefdescription>
        <detaileddescription>
<para>O jogador atual </para>        </detaileddescription>
        <inbodydescription>
        </inbodydescription>
        <location file="auxiliares.h" line="50" column="1" bodyfile="auxiliares.h" bodystart="50" bodyend="-1"/>
      </memberdef>
      </sectiondef>
    <briefdescription>
<para>Tipo de dados para estado. </para>    </briefdescription>
    <detaileddescription>
    </detaileddescription>
    <collaborationgraph>
      <node id="4">
        <label>JOGADA</label>
        <link refid="structJOGADA"/>
        <childnode refid="5" relation="usage">
          <edgelabel>jogador1</edgelabel>
          <edgelabel>jogador2</edgelabel>
        </childnode>
      </node>
      <node id="5">
        <label>COORDENADA</label>
        <link refid="structCOORDENADA"/>
      </node>
      <node id="3">
        <label>ESTADO</label>
        <link refid="structESTADO"/>
        <childnode refid="4" relation="usage">
          <edgelabel>jogadas</edgelabel>
        </childnode>
      </node>
    </collaborationgraph>
    <location file="auxiliares.h" line="42" column="1" bodyfile="auxiliares.h" bodystart="42" bodyend="51"/>
    <listofallmembers>
      <member refid="structESTADO_1afae43b87a488fad0f2b56a18bad31d18" prot="public" virt="non-virtual"><scope>ESTADO</scope><name>jogadas</name></member>
      <member refid="structESTADO_1a5dd28e2e68b7aef2b6b7ea88e02eff58" prot="public" virt="non-virtual"><scope>ESTADO</scope><name>jogador_atual</name></member>
      <member refid="structESTADO_1a261495728744647e618b4e623f5a4b7a" prot="public" virt="non-virtual"><scope>ESTADO</scope><name>num_jogadas</name></member>
      <member refid="structESTADO_1ae03c399b73d7a92d7f7ced83e91e5b6f" prot="public" virt="non-virtual"><scope>ESTADO</scope><name>tab</name></member>
    </listofallmembers>
  </compounddef>
</doxygen>
