<?xml version='1.0' encoding='UTF-8' standalone='no'?>
<doxygen xmlns:xsi="http://www.w3.org/2001/XMLSchema-instance" xsi:noNamespaceSchemaLocation="compound.xsd" version="1.8.13">
  <compounddef id="structnodo" kind="struct" language="C++" prot="public">
    <compoundname>nodo</compoundname>
      <sectiondef kind="public-attrib">
      <memberdef kind="variable" id="structnodo_1a344b5b1cb9597ce38786e9d21bb6f42d" prot="public" static="no" mutable="no">
        <type>void *</type>
        <definition>void * nodo::valor</definition>
        <argsstring></argsstring>
        <name>valor</name>
        <briefdescription>
        </briefdescription>
        <detaileddescription>
        </detaileddescription>
        <inbodydescription>
        </inbodydescription>
        <location file="auxiliares.h" line="58" column="1" bodyfile="auxiliares.h" bodystart="58" bodyend="-1"/>
      </memberdef>
      <memberdef kind="variable" id="structnodo_1ab4aa5206ba45f3f03705336fd0d01e07" prot="public" static="no" mutable="no">
        <type><ref refid="auxiliares_8h_1a5a5447a03bcb835183312f000a1d12bc" kindref="member">LISTA</ref></type>
        <definition>LISTA nodo::prox</definition>
        <argsstring></argsstring>
        <name>prox</name>
        <briefdescription>
        </briefdescription>
        <detaileddescription>
        </detaileddescription>
        <inbodydescription>
        </inbodydescription>
        <location file="auxiliares.h" line="59" column="1" bodyfile="auxiliares.h" bodystart="59" bodyend="-1"/>
      </memberdef>
      </sectiondef>
    <briefdescription>
    </briefdescription>
    <detaileddescription>
    </detaileddescription>
    <collaborationgraph>
      <node id="10">
        <label>nodo</label>
        <link refid="structnodo"/>
        <childnode refid="10" relation="usage">
          <edgelabel>prox</edgelabel>
        </childnode>
      </node>
    </collaborationgraph>
    <location file="auxiliares.h" line="57" column="1" bodyfile="auxiliares.h" bodystart="57" bodyend="60"/>
    <listofallmembers>
      <member refid="structnodo_1ab4aa5206ba45f3f03705336fd0d01e07" prot="public" virt="non-virtual"><scope>nodo</scope><name>prox</name></member>
      <member refid="structnodo_1a344b5b1cb9597ce38786e9d21bb6f42d" prot="public" virt="non-virtual"><scope>nodo</scope><name>valor</name></member>
    </listofallmembers>
  </compounddef>
</doxygen>
